,house_code,title,district,community,housing_estate,size,orientation,house_type,floor,price
0,BJ2715754143439659008,整租・峪园小区 2室1厅 南/北,门头沟,大峪,峪园小区,54O,南 北,2室1厅1卫,高楼层（6层）,2500
1,BJ2653584186694713344,合租・云梦嘉苑 3居室 南卧,门头沟,石门营,云梦嘉苑,13O,南,3居室,高楼层（28层）,1360
2,BJ2724583328337633280,整租・九龙东苑3号地 2室1厅 东南,门头沟,城子,九龙东苑3号地,62O,东南,2室1厅1卫,高楼层（24层）,2800
3,BJ2654332480710524928,合租・迎晖南苑 3居室 西北卧,门头沟,滨河西区,迎晖南苑,15O,西北,3居室,高楼层（28层）,1560
4,BJ2725170138436337664,整租・绿岛家园 2室1厅 东,门头沟,城子,绿岛家园,89O,东,2室1厅1卫,低楼层（12层）,4300
5,BJ2654350001030823936,合租・迎晖南苑 3居室 西卧,门头沟,滨河西区,迎晖南苑,10O,西,3居室,高楼层（27层）,1250
6,BJ2715328610663153664,整租・九龙东苑3号地 2室1厅 南,门头沟,城子,九龙东苑3号地,62O,南,2室1厅1卫,低楼层（24层）,2800
7,BJ2715733951548227584,整租・剧场东街 1室1厅 东,门头沟,城子,剧场东街,36O,东,1室1厅1卫,地下室（5层）,1500
8,BJ2716480050894471168,整租・九龙东苑5号地 3室1厅 西南,门头沟,城子,九龙东苑5号地,82O,西南,3室1厅1卫,低楼层（24层）,3000
9,BJ2725280497302781952,整租・保利首开四季怡园 3室1厅 南,门头沟,冯村,保利首开四季怡园,89O,南,3室1厅1卫,中楼层（20层）,4200
10,BJ2725218589426073600,整租・熙旺中心 3房间 南,门头沟,滨河西区,熙旺中心,92O,南,3房间1卫,高楼层（25层）,6600
11,BJ2663090836421476352,合租・紫金新园二区 3居室 西南卧,门头沟,石门营,紫金新园二区,15O,西南,3居室,中楼层（28层）,1460
12,BJ2725436983957790720,整租・大峪南路 1室1厅 南/北,门头沟,大峪,大峪南路,40O,南 北,1室1厅1卫,中楼层（5层）,2200
13,BJ2667358473339281408,整租・西长安壹号30号院 1室1厅 复式 西,门头沟,门头沟其它,西长安壹号30号院,60O,西,1室1厅1卫,中楼层（11层）,3200
14,BJ2725890395316953088,整租・门头沟京汉铂寓 2室1厅 东/西,门头沟,大峪,门头沟京汉铂寓,68O,东 西,2室1厅1卫,高楼层（27层）,3200
15,BJ2719465969603837952,整租・中骏西山天Z 4室2厅 南/西/北,门头沟,城子,中骏西山天Z,155O,南 西 北,4室2厅3卫,中楼层（26层）,16000
16,BJ2725283720104771584,整租・中铁西城 2室1厅 南,门头沟,门头沟其它,中铁西城,90O,南,2室1厅1卫,低楼层（18层）,4800
17,BJ2725883257702064128,整租・新桥家园 1室1厅 北,门头沟,大峪,新桥家园,83O,北,1室1厅1卫,低楼层（24层）,3600
18,BJ2725911617572716544,整租・西长安壹号 2房间 东,门头沟,门头沟其它,西长安壹号,38O,东,2房间1卫,中楼层（17层）,3200
19,BJ2724579087267414016,整租・北京城建上悦居东区 3室2厅 南/北,门头沟,冯村,北京城建上悦居东区,90O,南 北,3室2厅1卫,高楼层（21层）,4100
20,BJ2725891114832756736,整租・门头沟京汉铂寓 2室1厅 东/西,门头沟,大峪,门头沟京汉铂寓,68O,东 西,2室1厅1卫,高楼层（27层）,3200
21,BJ2656335603133849600,整租・远洋新天地 1室1厅 LOFT 西,门头沟,门头沟其它,远洋新天地,43O,西,1室1厅1卫,中楼层（18层）,3300
22,BJ2726624693963997184,整租・中昂时代广场 4房间 西,门头沟,大峪,中昂时代广场,75O,西,4房间2卫,高楼层（19层）,7000
23,BJ2664545622392315904,整租・远洋新天地 3房间 LOFT 南,门头沟,门头沟其它,远洋新天地,57O,南,3房间2卫,高楼层（18层）,4200
24,BJ2716090278183444480,整租・九龙东苑7号地 1室0厅 西,门头沟,城子,九龙东苑7号地,41O,西,1室0厅1卫,高楼层（24层）,2000
25,BJ2698544312932900864,合租・云梦嘉苑 4居室 东卧,门头沟,石门营,云梦嘉苑,13O,东,4居室,中楼层（28层）,1390
26,BJ2718789266670100480,整租・九龙东苑3号地 3室1厅 南/北,门头沟,城子,九龙东苑3号地,83O,南 北,3室1厅1卫,中楼层（24层）,2900
27,BJ2694852846784364544,整租・远洋新天地 2室1厅 LOFT 东北,门头沟,门头沟其它,远洋新天地,62O,东北,2室1厅2卫,高楼层（18层）,4000
28,BJ2711706940760924160,整租・鸿坤七星长安 2房间 北,门头沟,滨河西区,鸿坤七星长安,49O,北,2房间1卫,高楼层（20层）,3200
29,BJ2697693980258205696,合租・云翔嘉苑 3居室 东卧,门头沟,石门营,云翔嘉苑,7O,东,3居室,低楼层（22层）,1100
30,BJ2730239296061063168,整租・含晖苑 3室1厅 南/北,门头沟,滨河西区,含晖苑,121O,南 北,3室1厅2卫,高楼层（6层）,4800
31,BJ2667371228402294784,合租・紫金新园二区 3居室 南卧,门头沟,石门营,紫金新园二区,15O,南,3居室,高楼层（28层）,1460
32,BJ2730475975652950016,整租・润西山苑 3室2厅 南/北,门头沟,冯村,润西山苑,128O,南 北,3室2厅2卫,高楼层（9层）,6700
33,BJ2668800226516533248,合租・保利首开四季怡园 3居室 北卧,门头沟,冯村,保利首开四季怡园,9O,北,3居室,高楼层（20层）,1000
34,BJ2731103371338719232,整租・西山艺境华墅 3室3厅 南/北,门头沟,大峪,西山艺境华墅,220O,南 北,3室3厅3卫,中楼层（5层）,15000
35,BJ2668800225392459776,合租・保利首开四季怡园 3居室 南卧,门头沟,冯村,保利首开四季怡园,14O,南,3居室,高楼层（20层）,1250
36,BJ2731109639382114304,整租・德露苑 3室2厅 南/北,门头沟,滨河西区,德露苑,106O,南 北,3室2厅1卫,低楼层（7层）,4200
37,BJ2733847501399932928,整租・坡头南街 2室1厅 东/西,门头沟,大峪,坡头南街,62O,东 西,2室1厅1卫,中楼层（6层）,2900
38,BJ2734004568722776064,整租・黑山A1区 1室0厅 东/西,门头沟,大峪,黑山A1区,46O,东 西,1室0厅1卫,低楼层（28层）,2300
39,BJ2733917283528212480,整租・惠润家园小区九地块 1室1厅 南,门头沟,石门营,惠润家园小区九地块,56O,南,1室1厅1卫,高楼层（25层）,3000
40,BJ2733920580066607104,整租・石门营新区五区 3室1厅 南,门头沟,石门营,石门营新区五区,86O,南,3室1厅1卫,中楼层（6层）,4200
41,BJ2664545622392315904,整租・远洋新天地 3房间 LOFT 南,门头沟,门头沟其它,远洋新天地,57O,南,3房间2卫,高楼层（18层）,4200
42,BJ2733340429826400256,整租・紫金新园二区 1室1厅 西,门头沟,石门营,紫金新园二区,46O,西,1室1厅1卫,中楼层（29层）,3000
43,BJ2673032868385013760,整租・西长安壹号 2室1厅 LOFT 西,门头沟,门头沟其它,西长安壹号,56O,西,2室1厅1卫,中楼层（11层）,4000
44,BJ2734091547397062656,整租・梧桐苑清露园 2室1厅 南,门头沟,门头沟其它,梧桐苑清露园,84O,南,2室1厅1卫,低楼层（28层）,4200
45,BJ2734042401261240320,整租・石门营新区四区 2室1厅 南/北,门头沟,石门营,石门营新区四区,66O,南 北,2室1厅1卫,中楼层（14层）,3050
46,BJ2733359395697336320,整租・石门营新区六区 1室1厅 东,门头沟,石门营,石门营新区六区,45O,东,1室1厅1卫,高楼层（6层）,2800
47,BJ2733214618859618304,整租・石门营新区七区南苑 2室1厅 南,门头沟,石门营,石门营新区七区南苑,65O,南,2室1厅1卫,中楼层（14层）,3400
48,BJ2733200445526261760,整租・中昂时代广场 4房间 西南,门头沟,大峪,中昂时代广场,42O,西南,4房间1卫,低楼层（18层）,2850
49,BJ2734103729074094080,整租・中铁西城 2室1厅 南,门头沟,门头沟其它,中铁西城,92O,南,2室1厅1卫,低楼层（18层）,4300
50,BJ2733441358948728832,整租・承泽苑 2室1厅 南/北,门头沟,滨河西区,承泽苑,75O,南 北,2室1厅1卫,高楼层（6层）,3300
51,BJ2667370090806657024,合租・紫金新园二区 3居室 南卧,门头沟,石门营,紫金新园二区,15O,南,3居室,高楼层（28层）,1200
52,BJ2733429312110993408,整租・中铁西城 2室1厅 南/北,门头沟,门头沟其它,中铁西城,90O,南 北,2室1厅1卫,高楼层（18层）,4200
53,BJ2668800226214543360,合租・保利首开四季怡园 3居室 北卧,门头沟,冯村,保利首开四季怡园,11O,北,3居室,高楼层（20层）,1150
54,BJ2734683107503374336,整租・九龙东苑3号地 1室1厅 南,门头沟,城子,九龙东苑3号地,42O,南,1室1厅1卫,低楼层（24层）,2400
55,BJ2735555343672418304,整租・远洋新天地 2室1厅 LOFT 西,门头沟,门头沟其它,远洋新天地,58O,西,2室1厅2卫,中楼层（20层）,4200
56,BJ2734024884488511488,整租・远洋新天地 3房间 东,门头沟,门头沟其它,远洋新天地,62O,东,3房间2卫,高楼层（18层）,4800
57,BJ2736129943506796544,整租・三家店老宿舍17号院 2室1厅 南/北,门头沟,城子,三家店老宿舍17号院,82O,南 北,2室1厅1卫,高楼层（6层）,3300
58,BJ2734712910114209792,整租・西山艺境8号院 4室2厅 南,门头沟,大峪,西山艺境8号院,167O,南,4室2厅2卫,中楼层（5层）,9200
59,BJ2737530504902344704,整租・中昂时代广场 2室1厅 复式 南,门头沟,大峪,中昂时代广场,38O,南,2室1厅1卫,高楼层（18层）,2600
60,BJ2728352136596561920,整租・华润悦景湾 3房间 南/西,门头沟,门头沟其它,华润悦景湾,68O,南 西,3房间2卫,高楼层（20层）,4800
61,BJ2667370090806657024,合租・紫金新园二区 3居室 南卧,门头沟,石门营,紫金新园二区,15O,南,3居室,高楼层（28层）,1200
62,BJ2727520824243527680,整租・京西紫金新园 1室0厅 南,门头沟,石门营,京西紫金新园,39O,南,1室0厅1卫,低楼层（16层）,2500
63,BJ2668800226214543360,合租・保利首开四季怡园 3居室 北卧,门头沟,冯村,保利首开四季怡园,11O,北,3居室,高楼层（20层）,1150
64,BJ2727478588273336320,整租・华润悦景湾 3房间 东,门头沟,门头沟其它,华润悦景湾,54O,东,3房间1卫,高楼层（20层）,4500
65,BJ2677464717765132288,整租・远洋新天地 3房间 LOFT 东/北,门头沟,门头沟其它,远洋新天地,63O,东 北,3房间2卫,低楼层（18层）,4200
66,BJ2727497101763149824,整租・远洋新天地 2室1厅 南,门头沟,门头沟其它,远洋新天地,57O,南,2室1厅1卫,高楼层（23层）,4500
67,BJ2727410660135936000,整租・含晖苑 3室1厅 南/北,门头沟,滨河西区,含晖苑,134O,南 北,3室1厅2卫,中楼层（6层）,5500
68,BJ2729117073199603712,整租・紫金新园二区 2室1厅 南,门头沟,石门营,紫金新园二区,65O,南,2室1厅1卫,低楼层（16层）,4200
69,BJ2728106280673099776,整租・九龙东苑7号地 3室1厅 东南,门头沟,城子,九龙东苑7号地,82O,东南,3室1厅1卫,低楼层（18层）,4000
70,BJ2728117174873882624,整租・中铁西城 2室1厅 南,门头沟,门头沟其它,中铁西城,90O,南,2室1厅1卫,高楼层（18层）,4800
71,BJ2653584186694713344,合租・云梦嘉苑 3居室 南卧,门头沟,石门营,云梦嘉苑,13O,南,3居室,高楼层（28层）,1360
72,BJ2602924580930854912,整租・檀香府 3室2厅 南/北,门头沟,门头沟其它,檀香府,165O,南 北,3室2厅2卫,高楼层（6层）,7000
73,BJ2654350001030823936,合租・迎晖南苑 3居室 西卧,门头沟,滨河西区,迎晖南苑,10O,西,3居室,高楼层（27层）,1250
74,BJ2607041933621084160,整租・西山艺境6号院 4室2厅 南,门头沟,大峪,西山艺境6号院,201O,南,4室2厅4卫,高楼层（4层）,25500
75,BJ2606618681043853312,整租・石泉砖厂B1区 3室1厅 南/北,门头沟,门头沟其它,石泉砖厂B1区,82O,南 北,3室1厅1卫,高楼层（6层）,3100
76,BJ2620097948062851072,整租・金泰丽湾悦栖山 3室2厅 南/北,门头沟,大峪,金泰丽湾悦栖山,140O,南 北,3室2厅2卫,低楼层（21层）,6000
77,BJ2622413989581701120,整租・大峪南路 1室1厅 南/北,门头沟,大峪,大峪南路,54O,南 北,1室1厅1卫,高楼层（6层）,2700
78,BJ2612831621116084224,整租・紫金新园二区 1室1厅 南,门头沟,石门营,紫金新园二区,45O,南,1室1厅1卫,低楼层（29层）,3000
79,BJ2620434283009155072,整租・中国铁建梧桐汇 3房间 东/北,门头沟,门头沟其它,中国铁建梧桐汇,80O,东 北,3房间1卫,低楼层（25层）,4200
80,BJ2630223322314981376,整租・熙旺中心 2房间 东南,门头沟,滨河西区,熙旺中心,66O,东南,2房间1卫,中楼层（26层）,3500
81,BJ2663090836421476352,合租・紫金新园二区 3居室 西南卧,门头沟,石门营,紫金新园二区,15O,西南,3居室,中楼层（28层）,1460
82,BJ2629525881080512512,整租・泷悦长安伊顿园 4室2厅 南/北,门头沟,门头沟其它,泷悦长安伊顿园,175O,南 北,4室2厅3卫,高楼层（26层）,20000
83,BJ2654349948426403840,合租・迎晖南苑 3居室 西卧,门头沟,滨河西区,迎晖南苑,13O,西,3居室,高楼层（27层）,1250
84,BJ2630277579017289728,整租・华润悦景湾 4房间 东,门头沟,门头沟其它,华润悦景湾,54O,东,4房间2卫,高楼层（20层）,4300
85,BJ2679640212526596096,合租・云梦嘉苑 3居室 东卧,门头沟,石门营,云梦嘉苑,13O,东,3居室,中楼层（22层）,1500
86,BJ2679635347201605632,整租・中门家园 3室1厅 南/北,门头沟,门头沟其它,中门家园,73O,南 北,3室1厅1卫,高楼层（11层）,3400
87,BJ2680459703301185536,合租・紫金新园二区 2居室 南卧,门头沟,石门营,紫金新园二区,13O,南,2居室,中楼层（28层）,1460
88,BJ2673153106153848832,整租・葡东小区 2室1厅 南/北,门头沟,滨河西区,葡东小区,65O,南 北,2室1厅1卫,高楼层（6层）,2600
89,BJ2681872964504797184,合租・紫金新园三区 3居室 东南卧,门头沟,石门营,紫金新园三区,15O,东南,3居室,中楼层（28层）,1560
90,BJ2622509262366048256,整租・新桥南大街 2室1厅 南/北,门头沟,滨河西区,新桥南大街,56O,南 北,2室1厅1卫,中楼层（6层）,2500
91,BJ2601997871591202816,整租・远洋新天地 2室1厅 复式 东,门头沟,门头沟其它,远洋新天地,62O,东,2室1厅2卫,中楼层（23层）,4200
92,BJ2620269955555803136,整租・梧桐苑知秋园 3室1厅 南,门头沟,门头沟其它,梧桐苑知秋园,89O,南,3室1厅1卫,高楼层（21层）,4400
93,BJ2654350001030823936,合租・迎晖南苑 3居室 西卧,门头沟,滨河西区,迎晖南苑,10O,西,3居室,高楼层（27层）,1250
94,BJ2628298810023223296,整租・滨河路87号院 2室1厅 南/北,门头沟,城子,滨河路87号院,87O,南 北,2室1厅1卫,高楼层（6层）,3300
95,BJ2667358473339281408,整租・西长安壹号30号院 1室1厅 复式 西,门头沟,门头沟其它,西长安壹号30号院,60O,西,1室1厅1卫,中楼层（11层）,3200
96,BJ2628245674902429696,整租・桥东街小区 2室1厅 南/北,门头沟,城子,桥东街小区,57O,南 北,2室1厅1卫,中楼层（5层）,2700
97,BJ2636035672792121344,整租・滨河楼小区 2室1厅 南,门头沟,门头沟其它,滨河楼小区,54O,南,2室1厅1卫,低楼层（3层）,2500
98,BJ2641335153691475968,整租・永新小区 2室1厅 南/北,门头沟,大峪,永新小区,74O,南 北,2室1厅1卫,高楼层（6层）,3000
99,BJ2641111564287221760,整租・华润悦景湾 4房间 东北,门头沟,门头沟其它,华润悦景湾,53O,东北,4房间2卫,中楼层（20层）,4100
100,BJ2629532066689597440,整租・中昂时代广场 3房间 西北,门头沟,大峪,中昂时代广场,50O,西北,3房间1卫,中楼层（19层）,3800
101,BJ2667371228402294784,合租・紫金新园二区 3居室 南卧,门头沟,石门营,紫金新园二区,15O,南,3居室,高楼层（28层）,1460
102,BJ2633364460563070976,整租・万科翡翠长安 1室0厅 南,门头沟,门头沟其它,万科翡翠长安,29O,南,1室0厅0卫,地下室,450
103,BJ2668800226516533248,合租・保利首开四季怡园 3居室 北卧,门头沟,冯村,保利首开四季怡园,9O,北,3居室,高楼层（20层）,1000
104,BJ2633382169451970560,整租・万科翡翠长安 1室0厅 南,门头沟,门头沟其它,万科翡翠长安,26O,南,1室0厅0卫,地下室,450
105,BJ2633965437419274240,整租・万科翡翠长安 1室0厅 北,门头沟,门头沟其它,万科翡翠长安,29O,北,1室0厅0卫,地下室,450
106,BJ2633997028933238784,整租・泷悦长安牛津园 3室2厅 南/北,门头沟,门头沟其它,泷悦长安牛津园,139O,南 北,3室2厅2卫,中楼层（27层）,7300
107,BJ2642589347333292032,整租・保利首开四季怡园 3室1厅 南,门头沟,冯村,保利首开四季怡园,89O,南,3室1厅1卫,中楼层（28层）,4000
108,BJ2644089627828830208,整租・熙旺中心 1房间 南,门头沟,滨河西区,熙旺中心,66O,南,1房间1卫,中楼层（26层）,3700
109,BJ2644309867049000960,整租・倚山嘉园 2室1厅 南/北,门头沟,滨河西区,倚山嘉园,90O,南 北,2室1厅1卫,高楼层（6层）,3500
110,BJ2645408627418210304,整租・西山艺境3号院 3室2厅 复式 南/北,门头沟,大峪,西山艺境3号院,141O,南 北,3室2厅2卫,高楼层（9层）,12000
111,BJ2664545622392315904,整租・远洋新天地 3房间 LOFT 南,门头沟,门头沟其它,远洋新天地,57O,南,3房间2卫,高楼层（18层）,4200
112,BJ2647094349334593536,整租・黑山东街 2室1厅 南,门头沟,大峪,黑山东街,55O,南,2室1厅1卫,高楼层（6层）,3500
113,BJ2694212148292222976,合租・迎晖南苑 3居室 东南卧,门头沟,滨河西区,迎晖南苑,10O,东南,3居室,中楼层（27层）,1460
114,BJ2636774991172993024,整租・西长安壹号 3房间 西,门头沟,门头沟其它,西长安壹号,38O,西,3房间1卫,低楼层（12层）,4000
115,BJ2699224588726050816,整租・云泽嘉苑 2室1厅 南,门头沟,石门营,云泽嘉苑,61O,南,2室1厅1卫,高楼层（28层）,3300
116,BJ2635341878815629312,整租・和平路33号院 2室1厅 东/西,门头沟,城子,和平路33号院,68O,东 西,2室1厅1卫,中楼层（6层）,2500
117,BJ2663090836421476352,合租・紫金新园二区 3居室 西南卧,门头沟,石门营,紫金新园二区,15O,西南,3居室,中楼层（28层）,1460
118,BJ2639689913704128512,整租・鸿坤七星长安 2房间 北,门头沟,滨河西区,鸿坤七星长安,49O,北,2房间1卫,低楼层（20层）,2900
119,BJ2730249777802919936,整租・远洋新天地 2室1厅 LOFT 南,门头沟,门头沟其它,远洋新天地,57O,南,2室1厅2卫,低楼层（18层）,4200
120,BJ2732667713041743872,整租・石门营新区五区 1室1厅 南,门头沟,石门营,石门营新区五区,49O,南,1室1厅1卫,高楼层（6层）,2800
121,BJ2689224746251591680,整租・西长安壹号 1室1厅 LOFT 东,门头沟,门头沟其它,西长安壹号,38O,东,1室1厅1卫,低楼层（17层）,3300
122,BJ2732741467411333120,整租・迎晖北苑 2室1厅 南,门头沟,滨河西区,迎晖北苑,60O,南,2室1厅1卫,中楼层（25层）,3500
123,BJ2694852846784364544,整租・远洋新天地 2室1厅 LOFT 东北,门头沟,门头沟其它,远洋新天地,62O,东北,2室1厅2卫,高楼层（18层）,4000
124,BJ2732674627318063104,整租・中国铁建梧桐汇 3房间 南,门头沟,门头沟其它,中国铁建梧桐汇,78O,南,3房间1卫,中楼层（25层）,4200
125,BJ2567925704167522304,整租・西长安壹号 1室1厅 LOFT 东,门头沟,门头沟其它,西长安壹号,38O,东,1室1厅1卫,高楼层（10层）,3300
126,BJ2733944249967190016,整租・黑山东街 1室1厅 南,门头沟,大峪,黑山东街,38O,南,1室1厅1卫,地下室（7层）,1800
127,BJ2710959571715244032,整租・熙旺中心 1房间 南,门头沟,滨河西区,熙旺中心,47O,南,1房间1卫,高楼层（26层）,3500
128,BJ2718163554401525760,整租・熙旺中心 1房间 南,门头沟,滨河西区,熙旺中心,46O,南,1房间1卫,中楼层（26层）,3000
129,BJ2725872939932057600,整租・京西紫金新园 1室0厅 南,门头沟,石门营,京西紫金新园,38O,南,1室0厅1卫,高楼层（16层）,2300
130,BJ2725897238424862720,整租・中门寺南坡小区 3室1厅 南/北,门头沟,大峪,中门寺南坡小区,85O,南 北,3室1厅1卫,高楼层（11层）,3600
131,BJ2569372402354233344,整租・远洋新天地 3房间 复式 西,门头沟,门头沟其它,远洋新天地,54O,西,3房间2卫,中楼层（18层）,4100
132,BJ2724649753454313472,整租・西长安壹号 3房间 南,门头沟,门头沟其它,西长安壹号,80O,南,3房间2卫,低楼层（17层）,14200
133,BJ2668800226516533248,合租・保利首开四季怡园 3居室 北卧,门头沟,冯村,保利首开四季怡园,9O,北,3居室,高楼层（20层）,1000
134,BJ2726593150230462464,整租・西长安壹号 3房间 东北,门头沟,门头沟其它,西长安壹号,62O,东北,3房间1卫,中楼层（12层）,4200
135,BJ2724483735410966528,整租・丽景长安 2室1厅 南/北,门头沟,冯村,丽景长安,91O,南 北,2室1厅1卫,中楼层（26层）,4800
136,BJ2725277757490864128,整租・熙旺中心 2房间 南,门头沟,滨河西区,熙旺中心,65O,南,2房间1卫,中楼层（26层）,3600
137,BJ2726023115443814400,整租・中铁西城 2室1厅 南,门头沟,门头沟其它,中铁西城,91O,南,2室1厅1卫,低楼层（27层）,4000
138,BJ2741249146995884032,整租・云泽嘉苑 2室1厅 南/北,门头沟,石门营,云泽嘉苑,64O,南 北,2室1厅1卫,中楼层（28层）,3300
139,BJ2741867306371530752,整租・九龙东苑3号地 2室1厅 东,门头沟,城子,九龙东苑3号地,63O,东,2室1厅1卫,中楼层（24层）,3100
140,BJ2741928178757926912,整租・中昂时代广场 2房间 南,门头沟,大峪,中昂时代广场,34O,南,2房间1卫,高楼层（19层）,2750
141,BJ2668800225392459776,合租・保利首开四季怡园 3居室 南卧,门头沟,冯村,保利首开四季怡园,14O,南,3居室,高楼层（20层）,1250
142,BJ2742006409422962688,整租・中铁西城 2室1厅 东/北,门头沟,门头沟其它,中铁西城,92O,东 北,2室1厅1卫,中楼层（18层）,4200
143,BJ2654349948426403840,合租・迎晖南苑 3居室 西卧,门头沟,滨河西区,迎晖南苑,13O,西,3居室,高楼层（27层）,1250
144,BJ2741995207166787584,整租・西长安壹号 3房间 东,门头沟,门头沟其它,西长安壹号,65O,东,3房间2卫,中楼层（17层）,4800
145,BJ2663090836421476352,合租・紫金新园二区 3居室 西南卧,门头沟,石门营,紫金新园二区,15O,西南,3居室,中楼层（28层）,1460
146,BJ2742109049755025408,整租・石门营新区四区 2室1厅 东/西,门头沟,石门营,石门营新区四区,66O,东 西,2室1厅1卫,中楼层（11层）,3100
147,BJ2664545622392315904,整租・远洋新天地 3房间 LOFT 南,门头沟,门头沟其它,远洋新天地,57O,南,3房间2卫,高楼层（18层）,4200
148,BJ2729554376351031296,整租・西长安壹号 4房间 南,门头沟,门头沟其它,西长安壹号,63O,南,4房间2卫,低楼层（17层）,4500
149,BJ2673032868385013760,整租・西长安壹号 2室1厅 LOFT 西,门头沟,门头沟其它,西长安壹号,56O,西,2室1厅1卫,中楼层（11层）,4000
150,BJ2233178708146135040,整租・承泽苑 4室1厅 南/北,门头沟,滨河西区,承泽苑,121O,南 北,4室1厅2卫,高楼层（6层）,5000
151,BJ2685573054302011392,整租・西长安壹号30号院 1室1厅 LOFT 东,门头沟,门头沟其它,西长安壹号30号院,43O,东,1室1厅1卫,高楼层（10层）,3300
152,BJ2418814414317953024,整租・熙旺中心 2房间 南/西,门头沟,滨河西区,熙旺中心,74O,南 西,2房间1卫,高楼层（25层）,3600
153,BJ2681874824686739456,合租・紫金新园三区 3居室 东南卧,门头沟,石门营,紫金新园三区,10O,东南,3居室,中楼层（28层）,1460
154,BJ2507216224761413632,整租・西山艺境6号院 4室3厅 南/北,门头沟,大峪,西山艺境6号院,270O,南 北,4室3厅3卫,高楼层（4层）,35000
155,BJ2688407016967782400,合租・紫金新园二区 3居室 东南卧,门头沟,石门营,紫金新园二区,13O,东南,3居室,高楼层（29层）,1400
156,BJ2588206750914052096,整租・润西山苑 3室1厅 南/北,门头沟,冯村,润西山苑,128O,南 北,3室1厅2卫,低楼层（10层）,6500
157,BJ2597780304068616192,整租・西山艺境6号院 3室2厅 南/北,门头沟,大峪,西山艺境6号院,125O,南 北,3室2厅2卫,低楼层（8层）,10000
158,BJ2607758456504975360,整租・西山艺境华墅 4室2厅 东/南/北,门头沟,大峪,西山艺境华墅,240O,东 南 北,4室2厅2卫,低楼层（5层）,15000
159,BJ2595425858462425088,整租・北京城建上悦居 2室1厅 南/北,门头沟,冯村,北京城建上悦居,75O,南 北,2室1厅1卫,低楼层（21层）,3000
160,BJ2618078579153977344,整租・华远裘马四季 4室2厅 南/北,门头沟,大峪,华远裘马四季,191O,南 北,4室2厅2卫,中楼层（13层）,16000
161,BJ2688416127591661568,合租・紫金新园二区 3居室 东南卧,门头沟,石门营,紫金新园二区,18O,东南,3居室,高楼层（29层）,1660
162,BJ2618199920234209280,整租・泷悦长安牛津园 3室2厅 南/北,门头沟,门头沟其它,泷悦长安牛津园,147O,南 北,3室2厅2卫,高楼层（15层）,4999
163,BJ2689045410311847936,合租・紫金新园二区 3居室 西北卧,门头沟,石门营,紫金新园二区,11O,西北,3居室,高楼层（29层）,1099
164,BJ2662154540883132416,整租・华润西山墅 4室2厅 南/北,门头沟,冯村,华润西山墅,179O,南 北,4室2厅3卫,高楼层（6层）,9000
165,BJ2670997892403576832,整租・万科翡翠长安 3室2厅 南/北,门头沟,门头沟其它,万科翡翠长安,168O,南 北,3室2厅2卫,低楼层（24层）,13000
166,BJ2667432989906182144,整租・西长安壹号 2房间 南,门头沟,门头沟其它,西长安壹号,60O,南,2房间1卫,低楼层（17层）,13500
167,BJ2668641740939853824,整租・西长安壹号 3房间 西,门头沟,门头沟其它,西长安壹号,42O,西,3房间1卫,中楼层（17层）,3600
168,BJ2730249777802919936,整租・远洋新天地 2室1厅 LOFT 南,门头沟,门头沟其它,远洋新天地,57O,南,2室1厅2卫,低楼层（18层）,4200
169,BJ2729079850345709568,合租・云梦嘉苑 4居室 南卧,门头沟,石门营,云梦嘉苑,14O,南,4居室,中楼层（28层）,1360
170,BJ2734137874634252288,整租・远洋新天地 2室1厅 LOFT 东,门头沟,门头沟其它,远洋新天地,90O,东,2室1厅2卫,中楼层（18层）,4200
171,BJ2736129943506796544,整租・三家店老宿舍17号院 2室1厅 南/北,门头沟,城子,三家店老宿舍17号院,82O,南 北,2室1厅1卫,高楼层（6层）,3300
172,BJ2741911594572455936,整租・远洋新天地 2室1厅 LOFT 南,门头沟,门头沟其它,远洋新天地,57O,南,2室1厅2卫,高楼层（18层）,4300
173,BJ2743400952387076096,整租・远洋新天地 2室1厅 LOFT 东,门头沟,门头沟其它,远洋新天地,63O,东,2室1厅2卫,高楼层（18层）,4300
174,BJ2743448179092758528,整租・西长安壹号 1室1厅 LOFT 东,门头沟,门头沟其它,西长安壹号,60O,东,1室1厅1卫,中楼层（10层）,3300
175,BJ2734919626243973120,合租・紫金新园三区 3居室 南卧,门头沟,石门营,紫金新园三区,16O,南,3居室,高楼层（29层）,1420
176,BJ2734919624608194560,合租・紫金新园三区 4居室 西南卧,门头沟,石门营,紫金新园三区,20O,西南,4居室,中楼层（29层）,1580
177,BJ2735555343672418304,整租・远洋新天地 2室1厅 LOFT 西,门头沟,门头沟其它,远洋新天地,58O,西,2室1厅2卫,中楼层（20层）,4200
178,BJ2733157064049704960,整租・远洋新天地 2室1厅 LOFT 东,门头沟,门头沟其它,远洋新天地,90O,东,2室1厅2卫,低楼层（18层）,4200
179,BJ2733211878074892288,整租・中昂时代广场 2室1厅 LOFT 南,门头沟,大峪,中昂时代广场,43O,南,2室1厅1卫,中楼层（18层）,2800
180,BJ2596894694537969664,整租・新桥大街甲43号楼 2室1厅 南/北,门头沟,大峪,新桥大街甲43号楼,70O,南 北,2室1厅1卫,中楼层（6层）,3200
181,BJ2595425858462425088,整租・北京城建上悦居 2室1厅 南/北,门头沟,冯村,北京城建上悦居,75O,南 北,2室1厅1卫,低楼层（21层）,3000
182,BJ2604924862501748736,整租・中国铁建梧桐汇 3房间 西南,门头沟,门头沟其它,中国铁建梧桐汇,75O,西南,3房间1卫,中楼层（26层）,4100
183,BJ2605650911489425408,整租・城子大街132号院 2室1厅 南/北,门头沟,城子,城子大街132号院,85O,南 北,2室1厅1卫,高楼层（6层）,3000
184,BJ2607012671480143872,整租・华润西山墅 3室2厅 南/北,门头沟,冯村,华润西山墅,175O,南 北,3室2厅3卫,高楼层（6层）,9000
185,BJ2617213697135230976,整租・城子二斜井 2室1厅 南/北,门头沟,城子,城子二斜井,63O,南 北,2室1厅1卫,高楼层（6层）,2500
186,BJ2233178708146135040,整租・承泽苑 4室1厅 南/北,门头沟,滨河西区,承泽苑,121O,南 北,4室1厅2卫,高楼层（6层）,5000
187,BJ2277393674294280192,整租・阳光绿苑 5室2厅 南/北,门头沟,城子,阳光绿苑,180O,南 北,5室2厅2卫,高楼层（9层）,8500
188,BJ2307738296853200896,整租・华润西山墅 5室2厅 复式 南/北,门头沟,冯村,华润西山墅,531O,南 北,5室2厅2卫,低楼层（3层）,32000
189,BJ2307846197874278400,整租・龙泉花园 3室1厅 东,门头沟,城子,龙泉花园,103O,东,3室1厅1卫,中楼层（7层）,3800
190,BJ2396201206746710016,整租・华远裘马四季 5室2厅 南/北,门头沟,大峪,华远裘马四季,193O,南 北,5室2厅2卫,高楼层（24层）,20000
191,BJ2400489805881548800,整租・西长安壹号 1房间 北,门头沟,门头沟其它,西长安壹号,117O,北,1房间0卫,低楼层（17层）,28000
192,BJ2470249480318877696,整租・西长安壹号 2室2厅 北,门头沟,门头沟其它,西长安壹号,53O,北,2室2厅1卫,中楼层（17层）,4600
193,BJ2415154820576460800,整租・熙旺中心 1房间 北,门头沟,滨河西区,熙旺中心,46O,北,1房间1卫,高楼层（26层）,2500
194,BJ2636035672792121344,整租・滨河楼小区 2室1厅 南,门头沟,门头沟其它,滨河楼小区,54O,南,2室1厅1卫,低楼层（3层）,2500
195,BJ2625358812441214976,整租・新桥路小区 2室1厅 南/北,门头沟,大峪,新桥路小区,60O,南 北,2室1厅1卫,高楼层（6层）,2600
196,BJ2628259562284916736,整租・西山艺境6号院 3室2厅 南,门头沟,大峪,西山艺境6号院,140O,南,3室2厅2卫,低楼层（9层）,7500
197,BJ2641335153691475968,整租・永新小区 2室1厅 南/北,门头沟,大峪,永新小区,74O,南 北,2室1厅1卫,高楼层（6层）,3000
198,BJ2629532066689597440,整租・中昂时代广场 3房间 西北,门头沟,大峪,中昂时代广场,50O,西北,3房间1卫,中楼层（19层）,3800
199,BJ2632380731430805504,整租・熙旺中心 2房间 东南,门头沟,滨河西区,熙旺中心,80O,东南,2房间1卫,高楼层（26层）,4500
200,BJ2644089627828830208,整租・熙旺中心 1房间 南,门头沟,滨河西区,熙旺中心,66O,南,1房间1卫,中楼层（26层）,3700
201,BJ2645408627418210304,整租・西山艺境3号院 3室2厅 复式 南/北,门头沟,大峪,西山艺境3号院,141O,南 北,3室2厅2卫,高楼层（9层）,12000
202,BJ2647094349334593536,整租・黑山东街 2室1厅 南,门头沟,大峪,黑山东街,55O,南,2室1厅1卫,高楼层（6层）,3500
203,BJ2638319561195126784,整租・丽景长安二期 3室2厅 南/北,门头沟,冯村,丽景长安二期,138O,南 北,3室2厅2卫,中楼层（25层）,7500
204,BJ2635341878815629312,整租・和平路33号院 2室1厅 东/西,门头沟,城子,和平路33号院,68O,东 西,2室1厅1卫,中楼层（6层）,2500
205,BJ2653615310183071744,整租・熙旺中心 2房间 西南,门头沟,滨河西区,熙旺中心,66O,西南,2房间1卫,中楼层（26层）,3900
206,BJ2653393739967365120,整租・西长安壹号 3房间 南,门头沟,门头沟其它,西长安壹号,60O,南,3房间2卫,低楼层（17层）,5000
207,BJ2652687999573164032,整租・西长安壹号 3房间 东,门头沟,门头沟其它,西长安壹号,42O,东,3房间1卫,中楼层（17层）,3600
208,BJ2652840209414094848,整租・梧桐苑知秋园 3室2厅 南/北,门头沟,门头沟其它,梧桐苑知秋园,119O,南 北,3室2厅2卫,低楼层（24层）,5500
209,BJ2653674357879996416,整租・西山艺境华墅 3室2厅 南,门头沟,大峪,西山艺境华墅,250O,南,3室2厅3卫,中楼层（5层）,18000
210,BJ2667569425179484160,整租・华远裘马四季 4室2厅 南/北,门头沟,大峪,华远裘马四季,191O,南 北,4室2厅2卫,低楼层（24层）,15650
211,BJ2664413787658133504,整租・万科翡翠长安 3室1厅 南/西/北,门头沟,门头沟其它,万科翡翠长安,156O,南 西 北,3室1厅3卫,低楼层（25层）,12000
212,BJ2664467449390571520,整租・中骏西山天Z 4室2厅 南/北,门头沟,城子,中骏西山天Z,190O,南 北,4室2厅3卫,中楼层（18层）,13500
213,BJ2671500990075125760,整租・熙旺中心 1房间 南,门头沟,滨河西区,熙旺中心,46O,南,1房间1卫,中楼层（26层）,2400
214,BJ2671591781095194624,整租・大峪南路 1室1厅 南,门头沟,大峪,大峪南路,44O,南,1室1厅1卫,中楼层（16层）,2400
215,BJ2665777145854566400,整租・迎晖北苑 3室1厅 南/北,门头沟,滨河西区,迎晖北苑,82O,南 北,3室1厅1卫,中楼层（26层）,4200
216,BJ2667223258155728896,整租・中门寺南坡小区 2室1厅 南/北,门头沟,大峪,中门寺南坡小区,68O,南 北,2室1厅1卫,中楼层（11层）,3000
217,BJ2670997892403576832,整租・万科翡翠长安 3室2厅 南/北,门头沟,门头沟其它,万科翡翠长安,168O,南 北,3室2厅2卫,低楼层（24层）,13000
218,BJ2673775789581017088,整租・中门寺南坡小区 1室1厅 南,门头沟,大峪,中门寺南坡小区,50O,南,1室1厅1卫,中楼层（28层）,2500
219,BJ2675306807454605312,整租・西长安壹号 5房间 南,门头沟,门头沟其它,西长安壹号,68O,南,5房间2卫,中楼层（10层）,4200
220,BJ2669548912238395392,整租・龙泉花园 3室1厅 南/北,门头沟,城子,龙泉花园,86O,南 北,3室1厅1卫,高楼层（6层）,3500
221,BJ2694261230775828480,整租・向阳楼 3室0厅 南/北,门头沟,城子,向阳楼,64O,南 北,3室0厅1卫,中楼层（6层）,3000
222,BJ2694267435057684480,整租・熙旺中心 1房间 西南,门头沟,滨河西区,熙旺中心,46O,西南,1房间1卫,中楼层（26层）,3000
223,BJ2698484894484938752,整租・华润悦景湾 3房间 南/北,门头沟,门头沟其它,华润悦景湾,68O,南 北,3房间1卫,低楼层（20层）,5000
224,BJ2694723457127546880,整租・华润悦景湾 3房间 东,门头沟,门头沟其它,华润悦景湾,54O,东,3房间2卫,低楼层（20层）,4500
225,BJ2660698095871852544,整租・德露苑 2室1厅 南,门头沟,滨河西区,德露苑,62O,南,2室1厅1卫,高楼层（6层）,2650
226,BJ2662154540883132416,整租・华润西山墅 4室2厅 南/北,门头沟,冯村,华润西山墅,179O,南 北,4室2厅3卫,高楼层（6层）,9000
227,BJ2662217630521769984,整租・石泉砖厂A3区 1室1厅 南,门头沟,门头沟其它,石泉砖厂A3区,46O,南,1室1厅1卫,高楼层（6层）,2400
228,BJ2662396467792322560,整租・中骏西山天Z 4室2厅 南/北,门头沟,城子,中骏西山天Z,200O,南 北,4室2厅3卫,高楼层（5层）,9000
229,BJ2665037014340214784,整租・西山艺境8号院 4室2厅 南/北,门头沟,大峪,西山艺境8号院,168O,南 北,4室2厅2卫,中楼层（6层）,10000
230,BJ2664997473948811264,整租・城子二斜井 2室1厅 南/北,门头沟,城子,城子二斜井,54O,南 北,2室1厅1卫,高楼层（6层）,2450
231,BJ2662854995808370688,整租・西长安壹号 2房间 南,门头沟,门头沟其它,西长安壹号,51O,南,2房间1卫,低楼层（17层）,8400
232,BJ2689748531387826176,整租・石泉砖厂A4区 2室1厅 南/北,门头沟,门头沟其它,石泉砖厂A4区,65O,南 北,2室1厅1卫,中楼层（11层）,2500
233,BJ2690388182528704512,整租・石门营新区七区东苑 2室1厅 西南,门头沟,石门营,石门营新区七区东苑,65O,西南,2室1厅1卫,低楼层（16层）,3300
234,BJ2728265003353243648,整租・迎晖北苑 2室1厅 南,门头沟,滨河西区,迎晖北苑,65O,南,2室1厅1卫,低楼层（25层）,3000
235,BJ2728160307049938944,整租・云泽嘉苑 3室1厅 南/北,门头沟,石门营,云泽嘉苑,84O,南 北,3室1厅1卫,高楼层（28层）,3700
236,BJ2728179230104879104,整租・绿岛家园 4室1厅 复式 南/北,门头沟,城子,绿岛家园,144O,南 北,4室1厅2卫,高楼层（6层）,5800
237,BJ2729712642574270464,整租・中门家园 2室1厅 南/北,门头沟,门头沟其它,中门家园,81O,南 北,2室1厅1卫,中楼层（11层）,2900
238,BJ2729678080519184384,整租・黑山A1区 2室1厅 南/北,门头沟,大峪,黑山A1区,64O,南 北,2室1厅1卫,高楼层（28层）,3200
239,BJ2728907236314456064,整租・九龙东苑1号地 3室1厅 南/北,门头沟,城子,九龙东苑1号地,81O,南 北,3室1厅1卫,中楼层（24层）,3000
240,BJ2728997998108614656,整租・石门营新区四区 3室1厅 南/北,门头沟,石门营,石门营新区四区,84O,南 北,3室1厅1卫,中楼层（11层）,4200
241,BJ2729554376351031296,整租・西长安壹号 4房间 南,门头沟,门头沟其它,西长安壹号,63O,南,4房间2卫,低楼层（17层）,4500
242,BJ2729552749321519104,整租・中铁西城 2室1厅 南/北,门头沟,门头沟其它,中铁西城,90O,南 北,2室1厅1卫,中楼层（18层）,4100
243,BJ2730214103225745408,整租・黑山A1区 1室0厅 南,门头沟,大峪,黑山A1区,45O,南,1室0厅1卫,中楼层（28层）,2500
244,BJ2728777434517209088,整租・皓月园 1室1厅 西/北,门头沟,滨河西区,皓月园,58O,西 北,1室1厅1卫,中楼层（14层）,3300
245,BJ2730293825494335488,整租・熙旺中心 1房间 东南,门头沟,滨河西区,熙旺中心,46O,东南,1房间1卫,高楼层（26层）,2600
246,BJ2730434868604305408,整租・梧桐苑栖凤园 3室1厅 南/北,门头沟,门头沟其它,梧桐苑栖凤园,89O,南 北,3室1厅1卫,低楼层（28层）,4800
247,BJ2730321261182844928,整租・中昂时代广场 4房间 西北,门头沟,大峪,中昂时代广场,41O,西北,4房间1卫,低楼层（18层）,3200
248,BJ2729045643883716608,整租・中骏西山天Z 4室2厅 南/北,门头沟,城子,中骏西山天Z,135O,南 北,4室2厅3卫,低楼层（9层）,10600
249,BJ2730239296061063168,整租・含晖苑 3室1厅 南/北,门头沟,滨河西区,含晖苑,121O,南 北,3室1厅2卫,高楼层（6层）,4800
250,BJ2730395973053857792,整租・西长安壹号 3房间 南,门头沟,门头沟其它,西长安壹号,72O,南,3房间1卫,高楼层（16层）,4000
251,BJ2730927359586222080,整租・京西紫金新园 1室0厅 南/北,门头沟,石门营,京西紫金新园,45O,南 北,1室0厅1卫,低楼层（16层）,2500
252,BJ2731126151568703488,整租・云泽嘉苑 2室1厅 南,门头沟,石门营,云泽嘉苑,62O,南,2室1厅1卫,低楼层（28层）,3400
253,BJ2730267623282442240,整租・云泽嘉苑 3室1厅 南/北,门头沟,石门营,云泽嘉苑,82O,南 北,3室1厅1卫,中楼层（28层）,4450
254,BJ2731241452188475392,整租・云泽嘉苑 2室1厅 南/北,门头沟,石门营,云泽嘉苑,65O,南 北,2室1厅1卫,高楼层（28层）,3200
255,BJ2731241719776681984,整租・惠民家园 1室1厅 东,门头沟,大峪,惠民家园,67O,东,1室1厅1卫,中楼层（11层）,3000
256,BJ2730347419891417088,整租・保利首开四季怡园 3室1厅 南,门头沟,冯村,保利首开四季怡园,88O,南,3室1厅0卫,低楼层（20层）,4000
257,BJ2730994278061834240,整租・梧桐苑清露园 3室1厅 南/北,门头沟,门头沟其它,梧桐苑清露园,90O,南 北,3室1厅1卫,低楼层（28层）,4700
258,BJ2731706702448828416,整租・丽景长安二期 2室1厅 南,门头沟,冯村,丽景长安二期,86O,南,2室1厅1卫,高楼层（27层）,4300
259,BJ2689628338397921280,整租・华远裘马四季 4室2厅 东/南/北,门头沟,大峪,华远裘马四季,191O,东 南 北,4室2厅2卫,中楼层（24层）,15000
260,BJ2686249202077671424,整租・惠民家园 1室1厅 南,门头沟,大峪,惠民家园,50O,南,1室1厅1卫,中楼层（6层）,2600
261,BJ2685613590253682688,整租・万科翡翠长安 3室2厅 南/北,门头沟,门头沟其它,万科翡翠长安,172O,南 北,3室2厅3卫,中楼层（22层）,15000
262,BJ2691376362974871552,整租・九龙东苑3号地 2室1厅 南,门头沟,城子,九龙东苑3号地,65O,南,2室1厅1卫,低楼层（24层）,2500
263,BJ2691955992123949056,整租・泷悦61长安剑桥园 3室1厅 南/北,门头沟,门头沟其它,泷悦61长安剑桥园,90O,南 北,3室1厅1卫,高楼层（28层）,4600
264,BJ2694869617892917248,整租・熙旺中心 1房间 西南,门头沟,滨河西区,熙旺中心,46O,西南,1房间1卫,中楼层（26层）,2500
265,BJ2690542293286658048,整租・九龙东苑3号地 3室1厅 南,门头沟,城子,九龙东苑3号地,83O,南,3室1厅1卫,低楼层（24层）,3500
266,BJ2693505040916168704,整租・石泉砖厂A4区 2室1厅 南,门头沟,门头沟其它,石泉砖厂A4区,65O,南,2室1厅1卫,高楼层（9层）,2800
267,BJ2696246026868113408,整租・九龙东苑3号地 2室1厅 南,门头沟,城子,九龙东苑3号地,62O,南,2室1厅1卫,低楼层（24层）,2800
268,BJ2690543513871335424,整租・九龙东苑3号地 1室0厅 南,门头沟,城子,九龙东苑3号地,42O,南,1室0厅1卫,低楼层（24层）,2000
269,BJ2696313158238208000,整租・绮霞苑 2室1厅 南/北,门头沟,滨河西区,绮霞苑,78O,南 北,2室1厅1卫,高楼层（6层）,3500
270,BJ2691947281812561920,整租・石泉砖厂A8区 2室1厅 南,门头沟,门头沟其它,石泉砖厂A8区,65O,南,2室1厅1卫,低楼层（6层）,2600
271,BJ2691251368949456896,整租・京西紫金新园 2室1厅 南,门头沟,石门营,京西紫金新园,62O,南,2室1厅1卫,中楼层（16层）,3350
272,BJ2696946482078294016,整租・九龙东苑1号地 2室1厅 南,门头沟,城子,九龙东苑1号地,63O,南,2室1厅1卫,高楼层（24层）,2900
273,BJ2697828891153932288,整租・华润悦景湾 3房间 南/北,门头沟,门头沟其它,华润悦景湾,54O,南 北,3房间1卫,中楼层（20层）,4500
274,BJ2697888359916765184,整租・中铁西城 2室1厅 南,门头沟,门头沟其它,中铁西城,90O,南,2室1厅1卫,高楼层（12层）,4300
275,BJ2692684223415844864,整租・向阳东里 2室1厅 南/北,门头沟,城子,向阳东里,61O,南 北,2室1厅1卫,高楼层（6层）,2900
276,BJ2692108902002335744,整租・泷悦长安伊顿园 4室1厅 南/北,门头沟,门头沟其它,泷悦长安伊顿园,179O,南 北,4室1厅2卫,高楼层（26层）,9200
277,BJ2692640243680542720,整租・泷悦61长安剑桥园 2室1厅 南,门头沟,门头沟其它,泷悦61长安剑桥园,90O,南,2室1厅1卫,中楼层（28层）,4100
278,BJ2698385523126575104,整租・九龙东苑1号地 2室1厅 南,门头沟,城子,九龙东苑1号地,62O,南,2室1厅1卫,高楼层（24层）,2900
279,BJ2699196166821642240,整租・九龙东苑1号地 1室0厅 西南,门头沟,城子,九龙东苑1号地,43O,西南,1室0厅1卫,低楼层（24层）,2000
280,BJ2699966081459552256,整租・黑山A5区 2室1厅 南,门头沟,大峪,黑山A5区,66O,南,2室1厅1卫,高楼层（28层）,3100
281,BJ2700810849190690816,整租・泷悦61长安剑桥园 3室2厅 南/北,门头沟,门头沟其它,泷悦61长安剑桥园,140O,南 北,3室2厅2卫,高楼层（25层）,7600
282,BJ2700600784017694720,整租・九龙东苑4号地 3室1厅 南/北,门头沟,城子,九龙东苑4号地,84O,南 北,3室1厅1卫,中楼层（6层）,4000
283,BJ2699889731528818688,整租・阁外山水 3室1厅 南/北,门头沟,城子,阁外山水,158O,南 北,3室1厅2卫,中楼层（12层）,5800
284,BJ2694882568184274944,整租・华润悦景湾 2房间 南,门头沟,门头沟其它,华润悦景湾,32O,南,2房间1卫,高楼层（20层）,3300
285,BJ2696175107940032512,整租・石门营新区七区东苑 2室1厅 南/北,门头沟,石门营,石门营新区七区东苑,65O,南 北,2室1厅1卫,低楼层（16层）,3800
286,BJ2699911559199080448,整租・中国铁建梧桐汇 3房间 西南,门头沟,门头沟其它,中国铁建梧桐汇,78O,西南,3房间1卫,中楼层（25层）,4000
287,BJ2701458214335291392,整租・九龙东苑1号地 2室1厅 东南,门头沟,城子,九龙东苑1号地,62O,东南,2室1厅1卫,低楼层（24层）,2500
288,BJ2701986473686867968,整租・九龙东苑1号地 2室1厅 南/西,门头沟,城子,九龙东苑1号地,63O,南 西,2室1厅1卫,低楼层（24层）,2600
289,BJ2700723053834813440,整租・九龙东苑1号地 3室1厅 南,门头沟,城子,九龙东苑1号地,82O,南,3室1厅1卫,中楼层（12层）,3500
290,BJ2695677157794906112,整租・九龙东苑3号地 1室0厅 南,门头沟,城子,九龙东苑3号地,42O,南,1室0厅1卫,中楼层（24层）,2000
291,BJ2696376212208754688,整租・新桥南大街 2室1厅 南/北,门头沟,滨河西区,新桥南大街,56O,南 北,2室1厅1卫,高楼层（6层）,2500
292,BJ2696918443701583872,整租・承泽苑 2室1厅 南/北,门头沟,滨河西区,承泽苑,75O,南 北,2室1厅1卫,高楼层（6层）,3200
293,BJ2698478835158228992,整租・九龙东苑4号地 1室1厅 南,门头沟,城子,九龙东苑4号地,43O,南,1室1厅1卫,低楼层（6层）,2400
294,BJ2702008881999257600,整租・龙泉花园 1室1厅 南,门头沟,城子,龙泉花园,49O,南,1室1厅1卫,中楼层（6层）,2700
295,BJ2702113533985816576,整租・九龙东苑1号地 3室1厅 南,门头沟,城子,九龙东苑1号地,85O,南,3室1厅1卫,中楼层（24层）,2900
296,BJ2736742491901394944,整租・云翔嘉苑 3室1厅 南,门头沟,石门营,云翔嘉苑,80O,南,3室1厅1卫,高楼层（27层）,4100
297,BJ2736810586402209792,整租・西山艺境5号院 3室2厅 南,门头沟,大峪,西山艺境5号院,143O,南,3室2厅2卫,中楼层（6层）,6500
298,BJ2508612688892919808,整租・熙旺中心 1房间 西,门头沟,滨河西区,熙旺中心,40O,西,1房间1卫,高楼层（25层）,2000
299,BJ2507216224761413632,整租・西山艺境6号院 4室3厅 南/北,门头沟,大峪,西山艺境6号院,270O,南 北,4室3厅3卫,高楼层（4层）,35000
300,BJ2741326163241598976,整租・增产路大街42号院 1室1厅 南,门头沟,大峪,增产路大街42号院,60O,南,1室1厅1卫,高楼层（6层）,2400
301,BJ2738387182200037376,整租・惠康嘉园六区 1室1厅 南,门头沟,滨河西区,惠康嘉园六区,56O,南,1室1厅1卫,中楼层（20层）,3000
302,BJ2740518978781708288,整租・绮霞苑 3室2厅 南/北,门头沟,滨河西区,绮霞苑,118O,南 北,3室2厅1卫,高楼层（15层）,5200
303,BJ2741839503756378112,整租・德露苑 4室2厅 南/北,门头沟,滨河西区,德露苑,165O,南 北,4室2厅2卫,中楼层（7层）,6000
304,BJ2741990517674868736,整租・熙旺中心 1房间 东,门头沟,滨河西区,熙旺中心,46O,东,1房间1卫,高楼层（26层）,2500
305,BJ2742005771343765504,整租・临镜苑 2室1厅 南/北,门头沟,滨河西区,临镜苑,83O,南 北,2室1厅1卫,中楼层（6层）,4000
306,BJ2742138124502581248,整租・临镜苑 2室1厅 南/北,门头沟,滨河西区,临镜苑,95O,南 北,2室1厅1卫,中楼层（12层）,4500
307,BJ2742770803442991104,整租・皓月园 3室2厅 南/北,门头沟,滨河西区,皓月园,114O,南 北,3室2厅2卫,低楼层（6层）,5700
308,BJ2743481106921177088,整租・永兴嘉园 1室0厅 北,门头沟,滨河西区,永兴嘉园,47O,北,1室0厅1卫,中楼层（14层）,2600
309,BJ2628332568650448896,整租・中门寺南坡小区 3室1厅 南,门头沟,大峪,中门寺南坡小区,85O,南,3室1厅1卫,中楼层（28层）,3300
310,BJ2654109957884493824,整租・新桥大街39号院 2室1厅 南/北,门头沟,大峪,新桥大街39号院,72O,南 北,2室1厅1卫,中楼层（6层）,2800
311,BJ2723078913063927808,整租・大峪南路 2室1厅 南,门头沟,大峪,大峪南路,72O,南,2室1厅1卫,高楼层（6层）,2700
312,BJ2725965129929211904,整租・中门寺南坡小区 3室1厅 南,门头沟,大峪,中门寺南坡小区,85O,南,3室1厅1卫,中楼层（18层）,2800
313,BJ2743351501509632000,整租・黑山A5区 2室1厅 南,门头沟,大峪,黑山A5区,65O,南,2室1厅1卫,低楼层（28层）,3000
314,BJ2265818956449456128,整租・德露苑 4室2厅 复式 南/北,门头沟,滨河西区,德露苑,152O,南 北,4室2厅2卫,高楼层（6层）,5000
315,BJ2689979486694817792,整租・迎晖南苑 3室1厅 南,门头沟,滨河西区,迎晖南苑,82O,南,3室1厅1卫,中楼层（25层）,4500
316,BJ2694750183870709760,整租・倚山嘉园 2室1厅 南/北,门头沟,滨河西区,倚山嘉园,86O,南 北,2室1厅1卫,高楼层（6层）,2900
317,BJ2725160953623879680,整租・倚山嘉园 1室1厅 东/西,门头沟,滨河西区,倚山嘉园,78O,东 西,1室1厅1卫,中楼层（11层）,3000
318,BJ2739162085735792640,整租・永兴小区 2室1厅 南/北,门头沟,滨河西区,永兴小区,84O,南 北,2室1厅1卫,高楼层（6层）,3200
319,BJ2741864101075755008,整租・熙旺中心 1房间 西南,门头沟,滨河西区,熙旺中心,46O,西南,1房间1卫,中楼层（26层）,2500
320,BJ2222463782028836864,整租・德露苑 4室2厅 南/北,门头沟,滨河西区,德露苑,150O,南 北,4室2厅2卫,中楼层（7层）,5300
321,BJ2618240391216111616,整租・德露苑 4室2厅 南/北,门头沟,滨河西区,德露苑,173O,南 北,4室2厅2卫,高楼层（6层）,5500
322,BJ2634037523873275904,整租・永兴小区 2室1厅 南/北,门头沟,滨河西区,永兴小区,79O,南 北,2室1厅1卫,高楼层（6层）,2900
323,BJ2700639810791677952,整租・葡东小区 2室1厅 南,门头沟,滨河西区,葡东小区,68O,南,2室1厅1卫,高楼层（6层）,2500
324,BJ2731851752663433216,整租・惠康嘉园五区 1室1厅 南,门头沟,滨河西区,惠康嘉园五区,56O,南,1室1厅1卫,高楼层（20层）,3000
325,BJ2736307958718930944,整租・含晖苑 5室1厅 跃层 南/北,门头沟,滨河西区,含晖苑,220O,南 北,5室1厅3卫,高楼层（6层）,6800
326,BJ2742646053240045568,整租・迎晖南苑 2室1厅 东,门头沟,滨河西区,迎晖南苑,63O,东,2室1厅1卫,中楼层（28层）,3900
327,BJ2732760727965409280,整租・冯村嘉园二区 2室1厅 南/北,门头沟,冯村,冯村嘉园二区,104O,南 北,2室1厅1卫,高楼层（6层）,4150
328,BJ2741285040288694272,整租・丽景长安 3室2厅 南/北,门头沟,冯村,丽景长安,124O,南 北,3室2厅2卫,中楼层（11层）,8000
329,BJ2742703911986003968,整租・润西山苑 5室2厅 南/北,门头沟,冯村,润西山苑,166O,南 北,5室2厅4卫,高楼层（10层）,12500
330,BJ2682562301068058624,整租・石门营新区七区东苑 2室1厅 南/北,门头沟,石门营,石门营新区七区东苑,67O,南 北,2室1厅1卫,高楼层（16层）,3000
331,BJ2692574404399079424,整租・惠润家园小区十地块 2室1厅 南/北,门头沟,石门营,惠润家园小区十地块,85O,南 北,2室1厅1卫,低楼层（18层）,3200
332,BJ2725149370223181824,整租・惠润家园小区十地块 2室1厅 南/北,门头沟,石门营,惠润家园小区十地块,85O,南 北,2室1厅1卫,中楼层（15层）,3500
333,BJ2728340566281551872,整租・石门营新区六区 2室1厅 南/北,门头沟,石门营,石门营新区六区,65O,南 北,2室1厅1卫,中楼层（6层）,3000
334,BJ2730302178207211520,整租・京西紫金新园 2室1厅 南,门头沟,石门营,京西紫金新园,65O,南,2室1厅1卫,中楼层（16层）,3700
335,BJ2736102618933248000,整租・惠润家园小区十地块 2室1厅 南,门头沟,石门营,惠润家园小区十地块,63O,南,2室1厅1卫,低楼层（11层）,3000
336,BJ2741143297057112064,整租・惠润家园小区三B地块 1室1厅 南,门头沟,石门营,惠润家园小区三B地块,55O,南,1室1厅1卫,高楼层（18层）,3100
337,BJ2741322196596031488,整租・石门营新区六区 2室1厅 南,门头沟,石门营,石门营新区六区,65O,南,2室1厅1卫,高楼层（6层）,3000
338,BJ2741390927406047232,整租・石门营新区四区 2室1厅 南/北,门头沟,石门营,石门营新区四区,65O,南 北,2室1厅1卫,低楼层（11层）,3000
339,BJ2741825365923610624,整租・石门营新区六区 2室1厅 南/北,门头沟,石门营,石门营新区六区,65O,南 北,2室1厅1卫,高楼层（6层）,3300
340,BJ2742070928321019904,整租・石门营新区五区 3室1厅 南/北,门头沟,石门营,石门营新区五区,81O,南 北,3室1厅1卫,高楼层（6层）,3200
341,BJ2682542293642387456,整租・保利首开四季怡园 3室1厅 南,门头沟,冯村,保利首开四季怡园,89O,南,3室1厅1卫,中楼层（20层）,3900
342,BJ2729559615011831808,整租・永和新苑 2室1厅 南,门头沟,冯村,永和新苑,82O,南,2室1厅1卫,中楼层（27层）,3500
343,BJ2741294671258468352,整租・丽景长安 2室1厅 南/北,门头沟,冯村,丽景长安,92O,南 北,2室1厅1卫,低楼层（26层）,4500
344,BJ2742042814488780800,整租・保利首开四季怡园 3室1厅 南/北,门头沟,冯村,保利首开四季怡园,90O,南 北,3室1厅1卫,中楼层（20层）,3800
345,BJ2724530725599576064,整租・石门营新区四区 3室1厅 南/北,门头沟,石门营,石门营新区四区,85O,南 北,3室1厅2卫,高楼层（15层）,3800
346,BJ2733216261558779904,整租・云翔嘉苑 3室1厅 南/北,门头沟,石门营,云翔嘉苑,85O,南 北,3室1厅1卫,中楼层（27层）,3900
347,BJ2736082653945274368,整租・石门营新区五区 2室1厅 南/北,门头沟,石门营,石门营新区五区,65O,南 北,2室1厅1卫,高楼层（6层）,3300
348,BJ2740614966645637120,整租・紫金新园三区 2室1厅 南,门头沟,石门营,紫金新园三区,67O,南,2室1厅1卫,中楼层（29层）,3300
349,BJ2741360725137571840,整租・石门营新区五区 2室1厅 南/北,门头沟,石门营,石门营新区五区,65O,南 北,2室1厅1卫,高楼层（6层）,3300
350,BJ2742659245115195392,整租・惠润家园小区九地块 3室1厅 南/北,门头沟,石门营,惠润家园小区九地块,112O,南 北,3室1厅1卫,高楼层（25层）,4800
351,BJ2712323555332194304,整租・冯村信园小区 2室1厅 南/北,门头沟,冯村,冯村信园小区,80O,南 北,2室1厅1卫,高楼层（6层）,3100
352,BJ2729603704519917568,整租・丽景长安二期 3室1厅 南/北,门头沟,冯村,丽景长安二期,137O,南 北,3室1厅2卫,高楼层（27层）,6000
353,BJ2732726609575952384,整租・北京城建上悦居东区 3室1厅 南/北,门头沟,冯村,北京城建上悦居东区,90O,南 北,3室1厅1卫,高楼层（21层）,3600
354,BJ2736095249054580736,整租・冯村信园小区 3室1厅 南/北,门头沟,冯村,冯村信园小区,98O,南 北,3室1厅1卫,低楼层（6层）,4000
355,BJ2739745824312664064,整租・丽景长安 2室1厅 南,门头沟,冯村,丽景长安,89O,南,2室1厅1卫,低楼层（26层）,4500
356,BJ2726200031001985024,整租・惠润家园小区七地块 2室1厅 南/北,门头沟,石门营,惠润家园小区七地块,85O,南 北,2室1厅1卫,低楼层（18层）,3700
357,BJ2735325022159126528,整租・惠润家园小区十地块 2室1厅 南/北,门头沟,石门营,惠润家园小区十地块,84O,南 北,2室1厅1卫,高楼层（14层）,3500
358,BJ2735356869744279552,整租・云泽嘉苑 2室1厅 南,门头沟,石门营,云泽嘉苑,65O,南,2室1厅1卫,中楼层（28层）,3500
359,BJ2738524195691700224,整租・石门营新区四区 2室1厅 南/北,门头沟,石门营,石门营新区四区,64O,南 北,2室1厅1卫,低楼层（14层）,3300
360,BJ2736996400972963840,整租・大峪小白楼 3室1厅 南,门头沟,大峪,大峪小白楼,89O,南,3室1厅1卫,高楼层（28层）,4000
361,BJ2737542544408977408,整租・九龙东苑1号地 2室1厅 南,门头沟,城子,九龙东苑1号地,63O,南,2室1厅1卫,低楼层（24层）,2700
362,BJ2737530275054755840,整租・城子西街1号院 2室1厅 南/北,门头沟,城子,城子西街1号院,75O,南 北,2室1厅1卫,高楼层（5层）,3000
363,BJ2738219708498051072,整租・绿岛家园 2室1厅 南/北,门头沟,城子,绿岛家园,99O,南 北,2室1厅2卫,中楼层（6层）,4500
364,BJ2738179549404594176,整租・丽景长安 2室1厅 南,门头沟,冯村,丽景长安,89O,南,2室1厅1卫,高楼层（26层）,4800
365,BJ2737761422468988928,整租・云泽嘉苑 3室1厅 南/北,门头沟,石门营,云泽嘉苑,88O,南 北,3室1厅1卫,高楼层（28层）,4300
366,BJ2737650275795083264,整租・云泽嘉苑 3室1厅 南/北,门头沟,石门营,云泽嘉苑,84O,南 北,3室1厅1卫,中楼层（28层）,3950
367,BJ2738284516493246464,整租・承泽苑 1室1厅 东,门头沟,滨河西区,承泽苑,57O,东,1室1厅1卫,高楼层（6层）,3000
368,BJ2738263671674241024,整租・九龙东苑3号地 1室0厅 南,门头沟,城子,九龙东苑3号地,41O,南,1室0厅1卫,低楼层（24层）,2200
369,BJ2737677231999959040,整租・中国铁建梧桐汇 3房间 南,门头沟,门头沟其它,中国铁建梧桐汇,73O,南,3房间1卫,高楼层（26层）,4000
370,BJ2738267735426334720,整租・皓月园 1室0厅 北,门头沟,滨河西区,皓月园,44O,北,1室0厅1卫,低楼层（14层）,3200
371,BJ2738357175855349760,整租・西长安壹号 5房间 北,门头沟,门头沟其它,西长安壹号,73O,北,5房间1卫,中楼层（16层）,5300
372,BJ2700715268728438784,整租・九龙东苑1号地 2室1厅 东,门头沟,城子,九龙东苑1号地,63O,东,2室1厅1卫,低楼层（24层）,2600
373,BJ2701267824818520064,整租・新桥路小区 2室1厅 南/北,门头沟,大峪,新桥路小区,60O,南 北,2室1厅1卫,中楼层（6层）,2600
374,BJ2705756405691842560,整租・九龙东苑1号地 3室1厅 南/北,门头沟,城子,九龙东苑1号地,82O,南 北,3室1厅1卫,高楼层（13层）,3000
375,BJ2706356937934503936,整租・九龙东苑1号地 3室1厅 南/北,门头沟,城子,九龙东苑1号地,83O,南 北,3室1厅1卫,低楼层（24层）,3000
376,BJ2705757303013122048,整租・九龙东苑1号地 3室1厅 南/北,门头沟,城子,九龙东苑1号地,82O,南 北,3室1厅1卫,高楼层（6层）,3000
377,BJ2705788212005584896,整租・九龙东苑1号地 1室1厅 南,门头沟,城子,九龙东苑1号地,43O,南,1室1厅1卫,中楼层（24层）,2400
378,BJ2706425327168520192,整租・九龙东苑3号地 3室1厅 东南,门头沟,城子,九龙东苑3号地,85O,东南,3室1厅1卫,中楼层（24层）,3500
379,BJ2705600393999818752,整租・永新小区 2室1厅 南/北,门头沟,大峪,永新小区,61O,南 北,2室1厅1卫,中楼层（6层）,3000
380,BJ2705869546790584320,整租・九龙东苑3号地 2室1厅 南,门头沟,城子,九龙东苑3号地,63O,南,2室1厅1卫,低楼层（24层）,2500
381,BJ2705156187308949504,整租・九龙东苑7号地 1室0厅 南,门头沟,城子,九龙东苑7号地,42O,南,1室0厅1卫,中楼层（24层）,2100
382,BJ2705777803151802368,整租・九龙东苑5号地 1室1厅 南,门头沟,城子,九龙东苑5号地,45O,南,1室1厅1卫,低楼层（24层）,2400
383,BJ2705705666147778560,整租・石门营新区七区东苑 2室1厅 南,门头沟,石门营,石门营新区七区东苑,65O,南,2室1厅1卫,低楼层（6层）,3400
384,BJ2700713399452704768,整租・新桥路小区 2室1厅 南/北,门头沟,大峪,新桥路小区,60O,南 北,2室1厅1卫,中楼层（6层）,2800
385,BJ2702848835364847616,整租・九龙东苑1号地 3室1厅 南/北,门头沟,城子,九龙东苑1号地,82O,南 北,3室1厅1卫,高楼层（24层）,3300
386,BJ2707289114733969408,整租・中国铁建梧桐汇 3房间 西北,门头沟,门头沟其它,中国铁建梧桐汇,79O,西北,3房间1卫,低楼层（25层）,4400
387,BJ2706342496635453440,整租・黑山A1区 2室1厅 南,门头沟,大峪,黑山A1区,65O,南,2室1厅1卫,高楼层（28层）,2500
388,BJ2705794810173988864,整租・中门寺南坡小区 1室1厅 南,门头沟,大峪,中门寺南坡小区,49O,南,1室1厅1卫,低楼层（18层）,2500
389,BJ2701989316090920960,整租・九龙东苑4号地 3室1厅 南/北,门头沟,城子,九龙东苑4号地,83O,南 北,3室1厅1卫,中楼层（6层）,3300
390,BJ2715754143439659008,整租・峪园小区 2室1厅 南/北,门头沟,大峪,峪园小区,54O,南 北,2室1厅1卫,高楼层（6层）,2500
391,BJ2724583328337633280,整租・九龙东苑3号地 2室1厅 东南,门头沟,城子,九龙东苑3号地,62O,东南,2室1厅1卫,高楼层（24层）,2800
392,BJ2725170138436337664,整租・绿岛家园 2室1厅 东,门头沟,城子,绿岛家园,89O,东,2室1厅1卫,低楼层（12层）,4300
393,BJ2725196471560577024,整租・梧桐苑知秋园 3室1厅 南,门头沟,门头沟其它,梧桐苑知秋园,89O,南,3室1厅1卫,低楼层（24层）,4500
394,BJ2725277121877377024,整租・泷悦61长安剑桥园 3室1厅 南/北,门头沟,门头沟其它,泷悦61长安剑桥园,90O,南 北,3室1厅2卫,中楼层（28层）,4000
395,BJ2724744239261941760,整租・中昂时代广场 3房间 南,门头沟,大峪,中昂时代广场,42O,南,3房间1卫,低楼层（19层）,2900
396,BJ2725218589426073600,整租・熙旺中心 3房间 南,门头沟,滨河西区,熙旺中心,92O,南,3房间1卫,高楼层（25层）,6600
397,BJ2718163554401525760,整租・熙旺中心 1房间 南,门头沟,滨河西区,熙旺中心,46O,南,1房间1卫,中楼层（26层）,3000
398,BJ2725436983957790720,整租・大峪南路 1室1厅 南/北,门头沟,大峪,大峪南路,40O,南 北,1室1厅1卫,中楼层（5层）,2200
399,BJ2725890395316953088,整租・门头沟京汉铂寓 2室1厅 东/西,门头沟,大峪,门头沟京汉铂寓,68O,东 西,2室1厅1卫,高楼层（27层）,3200
400,BJ2719465969603837952,整租・中骏西山天Z 4室2厅 南/西/北,门头沟,城子,中骏西山天Z,155O,南 西 北,4室2厅3卫,中楼层（26层）,16000
401,BJ2725872939932057600,整租・京西紫金新园 1室0厅 南,门头沟,石门营,京西紫金新园,38O,南,1室0厅1卫,高楼层（16层）,2300
402,BJ2725897238424862720,整租・中门寺南坡小区 3室1厅 南/北,门头沟,大峪,中门寺南坡小区,85O,南 北,3室1厅1卫,高楼层（11层）,3600
403,BJ2725283720104771584,整租・中铁西城 2室1厅 南,门头沟,门头沟其它,中铁西城,90O,南,2室1厅1卫,低楼层（18层）,4800
404,BJ2725883257702064128,整租・新桥家园 1室1厅 北,门头沟,大峪,新桥家园,83O,北,1室1厅1卫,低楼层（24层）,3600
405,BJ2725911617572716544,整租・西长安壹号 2房间 东,门头沟,门头沟其它,西长安壹号,38O,东,2房间1卫,中楼层（17层）,3200
406,BJ2724649753454313472,整租・西长安壹号 3房间 南,门头沟,门头沟其它,西长安壹号,80O,南,3房间2卫,低楼层（17层）,14200
407,BJ2724579087267414016,整租・北京城建上悦居东区 3室2厅 南/北,门头沟,冯村,北京城建上悦居东区,90O,南 北,3室2厅1卫,高楼层（21层）,4100
408,BJ2725891114832756736,整租・门头沟京汉铂寓 2室1厅 东/西,门头沟,大峪,门头沟京汉铂寓,68O,东 西,2室1厅1卫,高楼层（27层）,3200
409,BJ2725893194276675584,整租・门头沟京汉铂寓 2室1厅 东/西,门头沟,大峪,门头沟京汉铂寓,68O,东 西,2室1厅1卫,高楼层（27层）,3200
410,BJ2726023115443814400,整租・中铁西城 2室1厅 南,门头沟,门头沟其它,中铁西城,91O,南,2室1厅1卫,低楼层（27层）,4000
411,BJ2725918023574618112,整租・黑山A4区 2室1厅 南,门头沟,大峪,黑山A4区,65O,南,2室1厅1卫,高楼层（28层）,3100
412,BJ2630403641240199168,整租・京西紫金新园 2室1厅 南/北,门头沟,石门营,京西紫金新园,65O,南 北,2室1厅1卫,中楼层（16层）,3500
413,BJ2633337910912622592,整租・万科翡翠长安 1室0厅 南,门头沟,门头沟其它,万科翡翠长安,29O,南,1室0厅0卫,地下室,450
414,BJ2630362932307042304,整租・皓月园 1室0厅 南,门头沟,滨河西区,皓月园,46O,南,1室0厅1卫,中楼层（14层）,3050
415,BJ2622509262366048256,整租・新桥南大街 2室1厅 南/北,门头沟,滨河西区,新桥南大街,56O,南 北,2室1厅1卫,中楼层（6层）,2500
416,BJ2620269955555803136,整租・梧桐苑知秋园 3室1厅 南,门头沟,门头沟其它,梧桐苑知秋园,89O,南,3室1厅1卫,高楼层（21层）,4400
417,BJ2628298810023223296,整租・滨河路87号院 2室1厅 南/北,门头沟,城子,滨河路87号院,87O,南 北,2室1厅1卫,高楼层（6层）,3300
418,BJ2628245674902429696,整租・桥东街小区 2室1厅 南/北,门头沟,城子,桥东街小区,57O,南 北,2室1厅1卫,中楼层（5层）,2700
419,BJ2641111564287221760,整租・华润悦景湾 4房间 东北,门头沟,门头沟其它,华润悦景湾,53O,东北,4房间2卫,中楼层（20层）,4100
420,BJ2667223258155728896,整租・中门寺南坡小区 2室1厅 南/北,门头沟,大峪,中门寺南坡小区,68O,南 北,2室1厅1卫,中楼层（11层）,3000
421,BJ2670997892403576832,整租・万科翡翠长安 3室2厅 南/北,门头沟,门头沟其它,万科翡翠长安,168O,南 北,3室2厅2卫,低楼层（24层）,13000
422,BJ2673775789581017088,整租・中门寺南坡小区 1室1厅 南,门头沟,大峪,中门寺南坡小区,50O,南,1室1厅1卫,中楼层（28层）,2500
423,BJ2658582230154625024,整租・梧桐苑栖凤园 3室2厅 南/北,门头沟,门头沟其它,梧桐苑栖凤园,120O,南 北,3室2厅2卫,低楼层（24层）,5500
424,BJ2652912985311551488,整租・中骏西山天Z 4室2厅 南/北,门头沟,城子,中骏西山天Z,200O,南 北,4室2厅3卫,高楼层（5层）,14000
425,BJ2660698095871852544,整租・德露苑 2室1厅 南,门头沟,滨河西区,德露苑,62O,南,2室1厅1卫,高楼层（6层）,2650
426,BJ2662217630521769984,整租・石泉砖厂A3区 1室1厅 南,门头沟,门头沟其它,石泉砖厂A3区,46O,南,1室1厅1卫,高楼层（6层）,2400
427,BJ2662396467792322560,整租・中骏西山天Z 4室2厅 南/北,门头沟,城子,中骏西山天Z,200O,南 北,4室2厅3卫,高楼层（5层）,9000
428,BJ2665037014340214784,整租・西山艺境8号院 4室2厅 南/北,门头沟,大峪,西山艺境8号院,168O,南 北,4室2厅2卫,中楼层（6层）,10000
429,BJ2662854995808370688,整租・西长安壹号 2房间 南,门头沟,门头沟其它,西长安壹号,51O,南,2房间1卫,低楼层（17层）,8400
430,BJ2665040161452335104,整租・德露苑 3室1厅 南/北,门头沟,滨河西区,德露苑,109O,南 北,3室1厅1卫,高楼层（7层）,4800
431,BJ2664413787658133504,整租・万科翡翠长安 3室1厅 南/西/北,门头沟,门头沟其它,万科翡翠长安,156O,南 西 北,3室1厅3卫,低楼层（25层）,12000
432,BJ2664467449390571520,整租・中骏西山天Z 4室2厅 南/北,门头沟,城子,中骏西山天Z,190O,南 北,4室2厅3卫,中楼层（18层）,13500
433,BJ2671500990075125760,整租・熙旺中心 1房间 南,门头沟,滨河西区,熙旺中心,46O,南,1房间1卫,中楼层（26层）,2400
434,BJ2671591781095194624,整租・大峪南路 1室1厅 南,门头沟,大峪,大峪南路,44O,南,1室1厅1卫,中楼层（16层）,2400
435,BJ2665777145854566400,整租・迎晖北苑 3室1厅 南/北,门头沟,滨河西区,迎晖北苑,82O,南 北,3室1厅1卫,中楼层（26层）,4200
436,BJ2667432989906182144,整租・西长安壹号 2房间 南,门头沟,门头沟其它,西长安壹号,60O,南,2房间1卫,低楼层（17层）,13500
437,BJ2669418017959985152,整租・西长安壹号 3房间 南,门头沟,门头沟其它,西长安壹号,78O,南,3房间1卫,中楼层（10层）,5000
438,BJ2668641740939853824,整租・西长安壹号 3房间 西,门头沟,门头沟其它,西长安壹号,42O,西,3房间1卫,中楼层（17层）,3600
439,BJ2676104534799433728,整租・泷悦61长安剑桥园 3室1厅 西南,门头沟,门头沟其它,泷悦61长安剑桥园,90O,西南,3室1厅2卫,低楼层（28层）,4200
440,BJ2679635347201605632,整租・中门家园 3室1厅 南/北,门头沟,门头沟其它,中门家园,73O,南 北,3室1厅1卫,高楼层（11层）,3400
441,BJ2680252269744111616,整租・丽景长安 2室1厅 南,门头沟,冯村,丽景长安,86O,南,2室1厅1卫,低楼层（26层）,4500
442,BJ2680973930667720704,整租・熙旺中心 1房间 东北,门头沟,滨河西区,熙旺中心,46O,东北,1房间1卫,中楼层（26层）,2700
443,BJ2679778640900145152,整租・保利首开四季怡园 3室1厅 东/南/北,门头沟,冯村,保利首开四季怡园,89O,东 南 北,3室1厅1卫,低楼层（20层）,4300
444,BJ2680363052561334272,整租・西山艺境华墅 4室2厅 南/北,门头沟,大峪,西山艺境华墅,207O,南 北,4室2厅3卫,中楼层（5层）,8000
445,BJ2681715080676253696,整租・泷悦长安牛津园 3室2厅 南/北,门头沟,门头沟其它,泷悦长安牛津园,139O,南 北,3室2厅2卫,高楼层（27层）,7600
446,BJ2686224831812476928,整租・西长安壹号 3房间 南,门头沟,门头沟其它,西长安壹号,81O,南,3房间2卫,中楼层（13层）,4750
447,BJ2630223322314981376,整租・熙旺中心 2房间 东南,门头沟,滨河西区,熙旺中心,66O,东南,2房间1卫,中楼层（26层）,3500
448,BJ2629525881080512512,整租・泷悦长安伊顿园 4室2厅 南/北,门头沟,门头沟其它,泷悦长安伊顿园,175O,南 北,4室2厅3卫,高楼层（26层）,20000
449,BJ2630277579017289728,整租・华润悦景湾 4房间 东,门头沟,门头沟其它,华润悦景湾,54O,东,4房间2卫,高楼层（20层）,4300
450,BJ2579561382949158912,整租・霁月园 3室1厅 南/北,门头沟,滨河西区,霁月园,151O,南 北,3室1厅2卫,中楼层（16层）,6000
451,BJ2578085091162980352,整租・熙旺中心 3房间 东南,门头沟,滨河西区,熙旺中心,83O,东南,3房间1卫,中楼层（25层）,5800
452,BJ2323001910963216384,整租・葡东小区 2室1厅 南/北,门头沟,滨河西区,葡东小区,64O,南 北,2室1厅2卫,高楼层（6层）,2500
453,BJ2332511444509401088,整租・熙旺中心 2房间 北,门头沟,滨河西区,熙旺中心,70O,北,2房间1卫,高楼层（25层）,4100
454,BJ2381635351455203328,整租・西长安壹号 1室2厅 西,门头沟,门头沟其它,西长安壹号,77O,西,1室2厅0卫,低楼层（21层）,12000
455,BJ2418814414317953024,整租・熙旺中心 2房间 南/西,门头沟,滨河西区,熙旺中心,74O,南 西,2房间1卫,高楼层（25层）,3600
456,BJ2490496339101106176,整租・城子西街1号院 2室1厅 南,门头沟,城子,城子西街1号院,75O,南,2室1厅1卫,低楼层（6层）,3000
457,BJ2486126937706070016,整租・远洋新天地 3房间 东,门头沟,门头沟其它,远洋新天地,61O,东,3房间2卫,低楼层（18层）,4500
458,BJ2497582232970477568,整租・华润悦景湾 3房间 西,门头沟,门头沟其它,华润悦景湾,54O,西,3房间2卫,低楼层（20层）,4300
459,BJ2649911076430282752,整租・西山艺境6号院 3室2厅 南/西,门头沟,大峪,西山艺境6号院,140O,南 西,3室2厅2卫,中楼层（9层）,7500
460,BJ2659231779256541184,整租・中昂时代广场 3房间 北,门头沟,大峪,中昂时代广场,42O,北,3房间1卫,低楼层（18层）,3000
461,BJ2659247543816560640,整租・保利首开四季怡园 3室1厅 南,门头沟,冯村,保利首开四季怡园,88O,南,3室1厅1卫,中楼层（25层）,4500
462,BJ2652912985311551488,整租・中骏西山天Z 4室2厅 南/北,门头沟,城子,中骏西山天Z,200O,南 北,4室2厅3卫,高楼层（5层）,14000
463,BJ2735294238744125440,整租・中昂时代广场 3房间 西南,门头沟,大峪,中昂时代广场,41O,西南,3房间1卫,高楼层（19层）,2600
464,BJ2734919348471996416,整租・黑山A1区 2室1厅 南/北,门头沟,大峪,黑山A1区,66O,南 北,2室1厅1卫,中楼层（28层）,3000
465,BJ2734818338843656192,整租・霁月园 3室2厅 南/北,门头沟,滨河西区,霁月园,154O,南 北,3室2厅2卫,高楼层（16层）,6500
466,BJ2735457248414810112,整租・九龙东苑3号地 2室1厅 南,门头沟,城子,九龙东苑3号地,62O,南,2室1厅1卫,高楼层（24层）,2900
467,BJ2735369466262061056,整租・紫金新园三区 2室1厅 南,门头沟,石门营,紫金新园三区,65O,南,2室1厅1卫,低楼层（20层）,3500
468,BJ2736012152611028992,整租・云泽嘉苑 2室1厅 东南/北,门头沟,石门营,云泽嘉苑,65O,东南 北,2室1厅1卫,高楼层（28层）,3300
469,BJ2736013874070290432,整租・云泽嘉苑 2室1厅 南,门头沟,石门营,云泽嘉苑,62O,南,2室1厅1卫,高楼层（28层）,3600
470,BJ2735386800943546368,整租・紫金新园二区 3室1厅 西北,门头沟,石门营,紫金新园二区,86O,西北,3室1厅1卫,中楼层（29层）,4500
471,BJ2735497112212488192,整租・皓月园 1室1厅 东,门头沟,滨河西区,皓月园,53O,东,1室1厅1卫,中楼层（16层）,3500
472,BJ2736036123167170560,整租・九龙东苑1号地 2室1厅 东/南,门头沟,城子,九龙东苑1号地,63O,东 南,2室1厅1卫,低楼层（24层）,3000
473,BJ2735417894971654144,整租・大峪南路 2室1厅 南,门头沟,大峪,大峪南路,60O,南,2室1厅1卫,高楼层（6层）,2600
474,BJ2736188101868666880,整租・丽景长安 3室2厅 南/北,门头沟,冯村,丽景长安,131O,南 北,3室2厅2卫,中楼层（9层）,6900
475,BJ2736339503852822528,整租・绮霞苑 2室1厅 南/北,门头沟,滨河西区,绮霞苑,93O,南 北,2室1厅1卫,高楼层（12层）,4600
476,BJ2736349139066421248,整租・润景公馆 1室1厅 南,门头沟,冯村,润景公馆,77O,南,1室1厅1卫,低楼层（28层）,3600
477,BJ2736159831042818048,整租・熙旺中心 2房间 南,门头沟,滨河西区,熙旺中心,78O,南,2房间1卫,高楼层（25层）,4200
478,BJ2736231789529145344,整租・梧桐苑栖凤园 2室1厅 南,门头沟,门头沟其它,梧桐苑栖凤园,86O,南,2室1厅1卫,低楼层（27层）,4200
479,BJ2736347191500349440,整租・九龙东苑5号地 2室1厅 南/北,门头沟,城子,九龙东苑5号地,61O,南 北,2室1厅1卫,中楼层（24层）,3000
480,BJ2736845543711186944,整租・梧桐苑栖凤园 2室1厅 南,门头沟,门头沟其它,梧桐苑栖凤园,86O,南,2室1厅1卫,高楼层（27层）,4100
481,BJ2736775692141469696,整租・永兴嘉园 2室1厅 东南,门头沟,滨河西区,永兴嘉园,82O,东南,2室1厅1卫,中楼层（14层）,3800
482,BJ2736875278801846272,整租・九龙东苑3号地 0室2厅 东,门头沟,城子,九龙东苑3号地,61O,东,未知室2厅1卫,中楼层（24层）,2600
483,BJ2738408107792138240,整租・永兴嘉园 3室1厅 东北,门头沟,滨河西区,永兴嘉园,133O,东北,3室1厅2卫,高楼层（14层）,5500
484,BJ2738524195691700224,整租・石门营新区四区 2室1厅 南/北,门头沟,石门营,石门营新区四区,64O,南 北,2室1厅1卫,低楼层（14层）,3300
485,BJ2738966919032864768,整租・皓月园 2室1厅 东,门头沟,滨河西区,皓月园,82O,东,2室1厅1卫,中楼层（14层）,4500
486,BJ2738968041831538688,整租・保利首开四季怡园 3室1厅 南/北,门头沟,冯村,保利首开四季怡园,90O,南 北,3室1厅1卫,中楼层（25层）,4200
487,BJ2739053385440296960,整租・皓月园 1室0厅 南,门头沟,滨河西区,皓月园,45O,南,1室0厅1卫,中楼层（14层）,3050
488,BJ2739072997527650304,整租・石门营新区四区 2室1厅 东南,门头沟,石门营,石门营新区四区,65O,东南,2室1厅1卫,中楼层（14层）,3500
489,BJ2739058697518465024,整租・梧桐苑栖凤园 2室1厅 南,门头沟,门头沟其它,梧桐苑栖凤园,84O,南,2室1厅1卫,中楼层（28层）,4100
490,BJ2739101233766998016,整租・黑山东街 2室1厅 北,门头沟,大峪,黑山东街,60O,北,2室1厅1卫,高楼层（7层）,2600
491,BJ2738979166040375296,整租・九龙东苑5号地 1室1厅 南,门头沟,城子,九龙东苑5号地,45O,南,1室1厅1卫,高楼层（24层）,2500
492,BJ2739150658078261248,整租・城子大街90号院 3室1厅 南/北,门头沟,城子,城子大街90号院,109O,南 北,3室1厅1卫,高楼层（26层）,4200
493,BJ2739149208912134144,整租・惠民家园 2室1厅 南/北,门头沟,大峪,惠民家园,64O,南 北,2室1厅1卫,高楼层（6层）,3000
494,BJ2739859613481705472,整租・矿建街268号院 1室1厅 南,门头沟,门头沟其它,矿建街268号院,61O,南,1室1厅1卫,低楼层（4层）,2600
495,BJ2739913786281426944,整租・西长安壹号 2房间 西,门头沟,门头沟其它,西长安壹号,38O,西,2房间1卫,中楼层（10层）,3400
496,BJ2739873415275225088,整租・中铁西城 2室1厅 南/北,门头沟,门头沟其它,中铁西城,90O,南 北,2室1厅1卫,高楼层（18层）,4300
497,BJ2739678310379831296,整租・紫金新园三区 1室1厅 南,门头沟,石门营,紫金新园三区,45O,南,1室1厅1卫,低楼层（29层）,2900
498,BJ2739698483287302144,整租・远洋新天地 2房间 北,门头沟,门头沟其它,远洋新天地,43O,北,2房间1卫,低楼层（23层）,3600
499,BJ2740467538914975744,整租・九龙东苑3号地 3室1厅 南/北,门头沟,城子,九龙东苑3号地,83O,南 北,3室1厅1卫,中楼层（24层）,3500
500,BJ2740759571030081536,整租・紫金新园二区 1室1厅 西,门头沟,石门营,紫金新园二区,45O,西,1室1厅1卫,高楼层（29层）,3000
501,BJ2741261455315189760,整租・梧桐苑栖凤园 3室1厅 南/北,门头沟,门头沟其它,梧桐苑栖凤园,119O,南 北,3室1厅2卫,高楼层（27层）,6100
502,BJ2741308845850116096,整租・泷悦61长安剑桥园 3室1厅 南,门头沟,门头沟其它,泷悦61长安剑桥园,89O,南,3室1厅1卫,高楼层（28层）,4600
503,BJ2741285155892641792,整租・惠润家园小区九地块 1室1厅 南,门头沟,石门营,惠润家园小区九地块,55O,南,1室1厅1卫,高楼层（25层）,2800
504,BJ2741297406598717440,整租・城子西街1号院 2室1厅 南/北,门头沟,城子,城子西街1号院,73O,南 北,2室1厅1卫,中楼层（5层）,2800
505,BJ2741170670368473088,整租・九龙东苑3号地 2室1厅 西南,门头沟,城子,九龙东苑3号地,62O,西南,2室1厅1卫,低楼层（24层）,2800
506,BJ2741870269798301696,整租・九龙东苑3号地 1室0厅 南,门头沟,城子,九龙东苑3号地,45O,南,1室0厅1卫,中楼层（24层）,2700
507,BJ2741822813001490432,整租・西山艺境华墅 3室2厅 复式 南/北,门头沟,大峪,西山艺境华墅,338O,南 北,3室2厅4卫,低楼层（3层）,30000
508,BJ2741249146995884032,整租・云泽嘉苑 2室1厅 南/北,门头沟,石门营,云泽嘉苑,64O,南 北,2室1厅1卫,中楼层（28层）,3300
509,BJ2741867306371530752,整租・九龙东苑3号地 2室1厅 东,门头沟,城子,九龙东苑3号地,63O,东,2室1厅1卫,中楼层（24层）,3100
510,BJ2743447664753917952,整租・九龙东苑1号地 3室1厅 南/北,门头沟,城子,九龙东苑1号地,85O,南 北,3室1厅1卫,高楼层（24层）,3500
511,BJ2739859613481705472,整租・矿建街268号院 1室1厅 南,门头沟,门头沟其它,矿建街268号院,61O,南,1室1厅1卫,低楼层（4层）,2600
512,BJ2740467538914975744,整租・九龙东苑3号地 3室1厅 南/北,门头沟,城子,九龙东苑3号地,83O,南 北,3室1厅1卫,中楼层（24层）,3500
513,BJ2742109049755025408,整租・石门营新区四区 2室1厅 东/西,门头沟,石门营,石门营新区四区,66O,东 西,2室1厅1卫,中楼层（11层）,3100
514,BJ2742652034468814848,整租・九龙东苑3号地 2室1厅 南,门头沟,城子,九龙东苑3号地,62O,南,2室1厅1卫,高楼层（24层）,2700
515,BJ2742786775805067264,整租・紫金新园二区 1室0厅 东,门头沟,石门营,紫金新园二区,46O,东,1室0厅1卫,低楼层（29层）,3200
516,BJ2742587306887356416,整租・中昂时代广场 3房间 南,门头沟,大峪,中昂时代广场,41O,南,3房间1卫,高楼层（19层）,3200
517,BJ2742620502824075264,整租・石泉砖厂A6区 2室1厅 南,门头沟,门头沟其它,石泉砖厂A6区,64O,南,2室1厅1卫,中楼层（11层）,2600
518,BJ2742842299598766080,整租・九龙东苑1号地 1室0厅 南,门头沟,城子,九龙东苑1号地,42O,南,1室0厅1卫,中楼层（24层）,2400
519,BJ2742939486882103296,整租・西长安壹号 2房间 东/南,门头沟,门头沟其它,西长安壹号,43O,东 南,2房间1卫,中楼层（17层）,3500
520,BJ2743476249699041280,整租・九龙东苑1号地 2室1厅 西南,门头沟,城子,九龙东苑1号地,63O,西南,2室1厅1卫,低楼层（24层）,2800
521,BJ2742763290446012416,整租・中门寺南坡小区 2室1厅 南/北,门头沟,大峪,中门寺南坡小区,65O,南 北,2室1厅1卫,中楼层（28层）,3500
522,BJ2743286215725301760,整租・华润悦景湾 4房间 东,门头沟,门头沟其它,华润悦景湾,54O,东,4房间1卫,中楼层（20层）,4500
523,BJ2738179549404594176,整租・丽景长安 2室1厅 南,门头沟,冯村,丽景长安,89O,南,2室1厅1卫,高楼层（26层）,4800
524,BJ2737761422468988928,整租・云泽嘉苑 3室1厅 南/北,门头沟,石门营,云泽嘉苑,88O,南 北,3室1厅1卫,高楼层（28层）,4300
525,BJ2737650275795083264,整租・云泽嘉苑 3室1厅 南/北,门头沟,石门营,云泽嘉苑,84O,南 北,3室1厅1卫,中楼层（28层）,3950
526,BJ2738284516493246464,整租・承泽苑 1室1厅 东,门头沟,滨河西区,承泽苑,57O,东,1室1厅1卫,高楼层（6层）,3000
527,BJ2738263671674241024,整租・九龙东苑3号地 1室0厅 南,门头沟,城子,九龙东苑3号地,41O,南,1室0厅1卫,低楼层（24层）,2200
528,BJ2737677231999959040,整租・中国铁建梧桐汇 3房间 南,门头沟,门头沟其它,中国铁建梧桐汇,73O,南,3房间1卫,高楼层（26层）,4000
529,BJ2738267735426334720,整租・皓月园 1室0厅 北,门头沟,滨河西区,皓月园,44O,北,1室0厅1卫,低楼层（14层）,3200
530,BJ2738490387009650688,整租・迎晖北苑 2室1厅 南/北,门头沟,滨河西区,迎晖北苑,62O,南 北,2室1厅1卫,低楼层（26层）,3300
531,BJ2744166229727526912,整租・西长安壹号 3房间 东,门头沟,门头沟其它,西长安壹号,42O,东,3房间1卫,高楼层（10层）,3400
532,BJ2731241719776681984,整租・惠民家园 1室1厅 东,门头沟,大峪,惠民家园,67O,东,1室1厅1卫,中楼层（11层）,3000
533,BJ2730347419891417088,整租・保利首开四季怡园 3室1厅 南,门头沟,冯村,保利首开四季怡园,88O,南,3室1厅0卫,低楼层（20层）,4000
534,BJ2730994278061834240,整租・梧桐苑清露园 3室1厅 南/北,门头沟,门头沟其它,梧桐苑清露园,90O,南 北,3室1厅1卫,低楼层（28层）,4700
535,BJ2731706702448828416,整租・丽景长安二期 2室1厅 南,门头沟,冯村,丽景长安二期,86O,南,2室1厅1卫,高楼层（27层）,4300
536,BJ2731875543410032640,整租・大峪南路 2室0厅 南/北,门头沟,大峪,大峪南路,61O,南 北,2室0厅1卫,高楼层（6层）,2900
537,BJ2731803833159663616,整租・黑山北小街4号院 2室1厅 南/北,门头沟,大峪,黑山北小街4号院,55O,南 北,2室1厅1卫,中楼层（4层）,3000
538,BJ2732742500225138688,整租・云泽嘉苑 1室1厅 南/北,门头沟,石门营,云泽嘉苑,46O,南 北,1室1厅1卫,高楼层（28层）,2800
539,BJ2732467171966844928,整租・远洋新天地 3房间 南,门头沟,门头沟其它,远洋新天地,58O,南,3房间2卫,低楼层（18层）,4500
540,BJ2727416882436521984,整租・北京城建・龙樾西山 3室2厅 南/北,门头沟,冯村,北京城建・龙樾西山,118O,南 北,3室2厅2卫,高楼层（18层）,5500
541,BJ2727384685364912128,整租・云翔嘉苑 1室1厅 南,门头沟,石门营,云翔嘉苑,45O,南,1室1厅1卫,高楼层（27层）,2800
542,BJ2727692216834195456,整租・丽景长安二期 3室2厅 南/北,门头沟,冯村,丽景长安二期,137O,南 北,3室2厅2卫,中楼层（25层）,7600
543,BJ2728055804061294592,整租・城子二斜井 1室1厅 南,门头沟,城子,城子二斜井,42O,南,1室1厅1卫,中楼层（6层）,2100
544,BJ2728102778378928128,整租・华润悦景湾 3房间 东,门头沟,门头沟其它,华润悦景湾,65O,东,3房间1卫,高楼层（19层）,4300
545,BJ2728835282223759360,整租・西长安壹号 3房间 西南,门头沟,门头沟其它,西长安壹号,72O,西南,3房间1卫,低楼层（13层）,5000
546,BJ2728787485630144512,整租・九龙东苑3号地 2室1厅 南,门头沟,城子,九龙东苑3号地,63O,南,2室1厅1卫,中楼层（24层）,2700
547,BJ2684567700604731392,整租・京西紫金新园 2室1厅 南,门头沟,石门营,京西紫金新园,70O,南,2室1厅1卫,高楼层（16层）,3400
548,BJ2684067920249888768,整租・远洋新天地 3房间 东南/西/北,门头沟,门头沟其它,远洋新天地,58O,东南 西 北,3房间2卫,低楼层（23层）,4200
549,BJ2689017051430780928,整租・霁月园 2室1厅 南,门头沟,滨河西区,霁月园,86O,南,2室1厅1卫,中楼层（16层）,4100
550,BJ2690388182528704512,整租・石门营新区七区东苑 2室1厅 西南,门头沟,石门营,石门营新区七区东苑,65O,西南,2室1厅1卫,低楼层（16层）,3300
551,BJ2675306807454605312,整租・西长安壹号 5房间 南,门头沟,门头沟其它,西长安壹号,68O,南,5房间2卫,中楼层（10层）,4200
552,BJ2732727859763216384,整租・惠泽家园 2室1厅 南/北,门头沟,门头沟其它,惠泽家园,82O,南 北,2室1厅1卫,低楼层（6层）,3000
553,BJ2739947843040051200,整租・金泰丽湾悦栖山 1室0厅 西,门头沟,大峪,金泰丽湾悦栖山,46O,西,1室0厅1卫,高楼层（21层）,2600
554,BJ2739993708677038080,整租・金泰丽湾悦栖山 3室2厅 南/北,门头沟,大峪,金泰丽湾悦栖山,145O,南 北,3室2厅2卫,中楼层（19层）,6200
555,BJ2737575676994658304,整租・三家店西宁路 2室1厅 南,门头沟,城子,三家店西宁路,54O,南,2室1厅1卫,中楼层（5层）,2400
556,BJ2737788991050366976,整租・惠润家园小区九地块 1室1厅 南/北,门头沟,石门营,惠润家园小区九地块,60O,南 北,1室1厅1卫,低楼层（10层）,3000
557,BJ2738994544262512640,整租・北京城建上悦居 3室1厅 南/北,门头沟,冯村,北京城建上悦居,89O,南 北,3室1厅1卫,低楼层（21层）,4300
558,BJ2739189955208691712,整租・霁月园 2室1厅 东/西,门头沟,滨河西区,霁月园,91O,东 西,2室1厅1卫,高楼层（16层）,4500
559,BJ2739259077405720576,整租・黑山A4区 2室1厅 南/北,门头沟,大峪,黑山A4区,64O,南 北,2室1厅1卫,中楼层（27层）,3100
560,BJ2738396082496618496,整租・九龙东苑3号地 2室1厅 东,门头沟,城子,九龙东苑3号地,64O,东,2室1厅1卫,低楼层（24层）,2600
561,BJ2739105493309202432,整租・九龙东苑1号地 1室0厅 南,门头沟,城子,九龙东苑1号地,45O,南,1室0厅1卫,高楼层（24层）,2400
562,BJ2739035045443944448,整租・西山艺境华墅 3室2厅 南/北,门头沟,大峪,西山艺境华墅,225O,南 北,3室2厅3卫,中楼层（5层）,13000
563,BJ2740421563856715776,整租・紫金新园三区 2室1厅 南/北,门头沟,石门营,紫金新园三区,65O,南 北,2室1厅1卫,高楼层（29层）,3500
564,BJ2741342490585481216,整租・石门营新区七区南苑 2室1厅 南/北,门头沟,石门营,石门营新区七区南苑,67O,南 北,2室1厅1卫,中楼层（11层）,3200
565,BJ2743457277167550464,整租・石门营新区五区 2室1厅 南/北,门头沟,石门营,石门营新区五区,65O,南 北,2室1厅1卫,低楼层（6层）,3500
566,BJ2736129513506480128,整租・西山艺境华墅 4室2厅 复式 南/北,门头沟,大峪,西山艺境华墅,225O,南 北,4室2厅3卫,高楼层（3层）,20000
567,BJ2609964646676824064,整租・熙旺中心 2房间 东/西,门头沟,滨河西区,熙旺中心,79O,东 西,2房间1卫,高楼层（25层）,4200
568,BJ2729754073405595648,整租・西长安壹号 2房间 东,门头沟,门头沟其它,西长安壹号,42O,东,2房间1卫,高楼层（17层）,3200
569,BJ2734561111977771008,整租・石泉砖厂A3区 1室1厅 南,门头沟,门头沟其它,石泉砖厂A3区,46O,南,1室1厅1卫,高楼层（6层）,2400
570,BJ2741385855838470144,整租・西长安壹号30号院 2室1厅 南,门头沟,门头沟其它,西长安壹号30号院,89O,南,2室1厅1卫,高楼层（5层）,4800
571,BJ2604277590470696960,整租・潭墅苑 2室2厅 南/北,门头沟,门头沟其它,潭墅苑,126O,南 北,2室2厅2卫,中楼层（4层）,4000
572,BJ2670180678171639808,整租・潭柘新区6号院 3室1厅 南/北,门头沟,门头沟其它,潭柘新区6号院,114O,南 北,3室1厅1卫,中楼层（6层）,3200
573,BJ2731744667107868672,整租・绿城西山燕庐 3室2厅 南/北,门头沟,门头沟其它,绿城西山燕庐,134O,南 北,3室2厅2卫,中楼层（8层）,9000
574,BJ2739783330056126464,整租・惠泽家园 3室1厅 南/北,门头沟,门头沟其它,惠泽家园,112O,南 北,3室1厅3卫,高楼层（6层）,3500
575,BJ2744154095102468096,整租・梧桐苑清露园 3室1厅 南/北,门头沟,门头沟其它,梧桐苑清露园,119O,南 北,3室1厅2卫,高楼层（28层）,5500
576,BJ2682480186586570752,整租・石泉砖厂A2区 3室1厅 南/北,门头沟,门头沟其它,石泉砖厂A2区,89O,南 北,3室1厅1卫,低楼层（1层）,3000
577,BJ2703586911485689856,整租・新东山 3室1厅 南/北,门头沟,门头沟其它,新东山,77O,南 北,3室1厅1卫,中楼层（5层）,2500
578,BJ2739861786307338240,整租・石泉砖厂B1区 1室1厅 南,门头沟,门头沟其它,石泉砖厂B1区,45O,南,1室1厅1卫,低楼层（6层）,2300
579,BJ2741843777189847040,整租・中门寺街6号院 2室1厅 南/北,门头沟,门头沟其它,中门寺街6号院,73O,南 北,2室1厅1卫,低楼层（6层）,3000
580,BJ2742048946015969280,整租・石泉砖厂A1区 1室1厅 南,门头沟,门头沟其它,石泉砖厂A1区,46O,南,1室1厅1卫,中楼层（6层）,2400
581,BJ2742771334533881856,整租・中门寺街6号院 2室1厅 东/西,门头沟,门头沟其它,中门寺街6号院,63O,东 西,2室1厅1卫,高楼层（6层）,2200
582,BJ2289039210319462400,整租・新桥东街 3室1厅 东/西,门头沟,城子,新桥东街,112O,东 西,3室1厅1卫,高楼层（6层）,3500
583,BJ2527571703182671872,整租・龙泉花园 4室1厅 南/北,门头沟,城子,龙泉花园,150O,南 北,4室1厅1卫,高楼层（6层）,4000
584,BJ2601412642979717120,整租・滨河路87号院 2室1厅 南/北,门头沟,城子,滨河路87号院,78O,南 北,2室1厅1卫,地下室（6层）,2400
585,BJ2741815680612433920,整租・蓝龙胜境嘉苑 1室0厅 东/西,门头沟,城子,蓝龙胜境嘉苑,46O,东 西,1室0厅1卫,低楼层（21层）,2400
586,BJ2631645354428473344,整租・新桥东街 2室1厅 南/北,门头沟,城子,新桥东街,92O,南 北,2室1厅1卫,高楼层（6层）,2600
587,BJ2708529794261729280,整租・龙泉花园 2室1厅 东/西,门头沟,城子,龙泉花园,103O,东 西,2室1厅1卫,中楼层（7层）,3500
588,BJ2737076549265129472,整租・新景家园 2室1厅 南,门头沟,城子,新景家园,88O,南,2室1厅1卫,高楼层（16层）,2600
589,BJ2739805736908898304,整租・九龙东苑5号地 1室0厅 西,门头沟,城子,九龙东苑5号地,43O,西,1室0厅1卫,低楼层（24层）,2400
590,BJ2741114946355208192,整租・城子西街1号院 3室1厅 东/西,门头沟,城子,城子西街1号院,93O,东 西,3室1厅1卫,高楼层（6层）,2800
591,BJ2596362198075326464,整租・绿岛家园 2室1厅 南/北,门头沟,城子,绿岛家园,102O,南 北,2室1厅1卫,高楼层（6层）,3100
592,BJ2702265868649504768,整租・城子西街1号院 2室1厅 南/北,门头沟,城子,城子西街1号院,88O,南 北,2室1厅1卫,中楼层（6层）,2800
593,BJ2739733582104248320,整租・九龙东苑7号地 3室1厅 南,门头沟,城子,九龙东苑7号地,82O,南,3室1厅1卫,中楼层（24层）,2600
594,BJ2741125299507822592,整租・九龙东苑5号地 1室0厅 西,门头沟,城子,九龙东苑5号地,43O,西,1室0厅1卫,高楼层（24层）,2300
595,BJ2741164612794982400,整租・九龙东苑5号地 3室1厅 东南,门头沟,城子,九龙东苑5号地,82O,东南,3室1厅1卫,中楼层（24层）,3500
596,BJ2741178242294882304,整租・桥东街小区 3室0厅 南/北,门头沟,城子,桥东街小区,56O,南 北,3室0厅1卫,中楼层（5层）,2700
597,BJ2744014909363716096,整租・向阳东里 2室1厅 南/北,门头沟,城子,向阳东里,69O,南 北,2室1厅1卫,高楼层（6层）,3200
598,BJ2672489188993277952,整租・桃园小区 2室1厅 南/北,门头沟,大峪,桃园小区,83O,南 北,2室1厅1卫,高楼层（6层）,2600
599,BJ2682485743922200576,整租・桃园小区 2室1厅 南/北,门头沟,大峪,桃园小区,87O,南 北,2室1厅1卫,高楼层（6层）,2800
600,BJ2527571703182671872,整租・龙泉花园 4室1厅 南/北,门头沟,城子,龙泉花园,150O,南 北,4室1厅1卫,高楼层（6层）,4000
601,BJ2601412642979717120,整租・滨河路87号院 2室1厅 南/北,门头沟,城子,滨河路87号院,78O,南 北,2室1厅1卫,地下室（6层）,2400
602,BJ2741815680612433920,整租・蓝龙胜境嘉苑 1室0厅 东/西,门头沟,城子,蓝龙胜境嘉苑,46O,东 西,1室0厅1卫,低楼层（21层）,2400
603,BJ2631645354428473344,整租・新桥东街 2室1厅 南/北,门头沟,城子,新桥东街,92O,南 北,2室1厅1卫,高楼层（6层）,2600
604,BJ2708529794261729280,整租・龙泉花园 2室1厅 东/西,门头沟,城子,龙泉花园,103O,东 西,2室1厅1卫,中楼层（7层）,3500
605,BJ2737076549265129472,整租・新景家园 2室1厅 南,门头沟,城子,新景家园,88O,南,2室1厅1卫,高楼层（16层）,2600
606,BJ2739805736908898304,整租・九龙东苑5号地 1室0厅 西,门头沟,城子,九龙东苑5号地,43O,西,1室0厅1卫,低楼层（24层）,2400
607,BJ2741114946355208192,整租・城子西街1号院 3室1厅 东/西,门头沟,城子,城子西街1号院,93O,东 西,3室1厅1卫,高楼层（6层）,2800
608,BJ2596362198075326464,整租・绿岛家园 2室1厅 南/北,门头沟,城子,绿岛家园,102O,南 北,2室1厅1卫,高楼层（6层）,3100
609,BJ2702265868649504768,整租・城子西街1号院 2室1厅 南/北,门头沟,城子,城子西街1号院,88O,南 北,2室1厅1卫,中楼层（6层）,2800
610,BJ2739733582104248320,整租・九龙东苑7号地 3室1厅 南,门头沟,城子,九龙东苑7号地,82O,南,3室1厅1卫,中楼层（24层）,2600
611,BJ2741125299507822592,整租・九龙东苑5号地 1室0厅 西,门头沟,城子,九龙东苑5号地,43O,西,1室0厅1卫,高楼层（24层）,2300
612,BJ2741164612794982400,整租・九龙东苑5号地 3室1厅 东南,门头沟,城子,九龙东苑5号地,82O,东南,3室1厅1卫,中楼层（24层）,3500
613,BJ2741178242294882304,整租・桥东街小区 3室0厅 南/北,门头沟,城子,桥东街小区,56O,南 北,3室0厅1卫,中楼层（5层）,2700
614,BJ2744014909363716096,整租・向阳东里 2室1厅 南/北,门头沟,城子,向阳东里,69O,南 北,2室1厅1卫,高楼层（6层）,3200
615,BJ2672489188993277952,整租・桃园小区 2室1厅 南/北,门头沟,大峪,桃园小区,83O,南 北,2室1厅1卫,高楼层（6层）,2600
616,BJ2682485743922200576,整租・桃园小区 2室1厅 南/北,门头沟,大峪,桃园小区,87O,南 北,2室1厅1卫,高楼层（6层）,2800
617,BJ2739809834709811200,整租・华远西山雅园 2室1厅 东/西,门头沟,大峪,华远西山雅园,82O,东 西,2室1厅1卫,高楼层（28层）,3800
618,BJ2740585166249664512,整租・黑山A1区 2室1厅 南,门头沟,大峪,黑山A1区,65O,南,2室1厅1卫,低楼层（28层）,3300
619,BJ2741997335029751808,整租・黑山A4区 2室1厅 南,门头沟,大峪,黑山A4区,68O,南,2室1厅1卫,低楼层（23层）,2700
620,BJ2742688955978743808,整租・高家园二路1号院 2室1厅 南,门头沟,大峪,高家园二路1号院,65O,南,2室1厅1卫,低楼层（15层）,3000
621,BJ2743238509878837248,整租・黑山A1区 2室1厅 南/北,门头沟,大峪,黑山A1区,66O,南 北,2室1厅1卫,高楼层（28层）,3200
622,BJ2647718090372292608,整租・桃园小区 2室1厅 南/北,门头沟,大峪,桃园小区,87O,南 北,2室1厅1卫,高楼层（6层）,2800
623,BJ2700548262238093312,整租・桃园小区 2室1厅 南/北,门头沟,大峪,桃园小区,88O,南 北,2室1厅1卫,高楼层（6层）,2700
624,BJ2726881624628404224,整租・桃园小区 2室1厅 南/北,门头沟,大峪,桃园小区,78O,南 北,2室1厅1卫,高楼层（6层）,2700
625,BJ2741326163241598976,整租・增产路大街42号院 1室1厅 南,门头沟,大峪,增产路大街42号院,60O,南,1室1厅1卫,高楼层（6层）,2400
626,BJ2738387182200037376,整租・惠康嘉园六区 1室1厅 南,门头沟,滨河西区,惠康嘉园六区,56O,南,1室1厅1卫,中楼层（20层）,3000
627,BJ2740518978781708288,整租・绮霞苑 3室2厅 南/北,门头沟,滨河西区,绮霞苑,118O,南 北,3室2厅1卫,高楼层（15层）,5200
628,BJ2741839503756378112,整租・德露苑 4室2厅 南/北,门头沟,滨河西区,德露苑,165O,南 北,4室2厅2卫,中楼层（7层）,6000
629,BJ2741990517674868736,整租・熙旺中心 1房间 东,门头沟,滨河西区,熙旺中心,46O,东,1房间1卫,高楼层（26层）,2500
630,BJ2734712910114209792,整租・西山艺境8号院 4室2厅 南,门头沟,大峪,西山艺境8号院,167O,南,4室2厅2卫,中楼层（5层）,9200
631,BJ2733951464992423936,整租・黑山A4区 2室1厅 南,门头沟,大峪,黑山A4区,64O,南,2室1厅1卫,低楼层（26层）,3000
632,BJ2734118963851034624,整租・远洋新天地 3房间 南,门头沟,门头沟其它,远洋新天地,63O,南,3房间2卫,中楼层（18层）,4300
633,BJ2734805054551752704,整租・石门营新区七区东苑 2室1厅 南,门头沟,石门营,石门营新区七区东苑,65O,南,2室1厅1卫,低楼层（6层）,3200
634,BJ2734671942744547328,整租・九龙东苑1号地 1室1厅 南,门头沟,城子,九龙东苑1号地,42O,南,1室1厅1卫,中楼层（24层）,2400
635,BJ2734759036879904768,整租・中骏西山天Z 4室2厅 南/北,门头沟,城子,中骏西山天Z,135O,南 北,4室2厅3卫,高楼层（9层）,10500
636,BJ2734764283686043648,整租・剧场东街 3室1厅 东/西,门头沟,城子,剧场东街,92O,东 西,3室1厅1卫,高楼层（6层）,3500
637,BJ2734625560294080512,整租・坡头西街 2室1厅 南/北,门头沟,门头沟其它,坡头西街,62O,南 北,2室1厅1卫,低楼层（6层）,3300
638,BJ2734751316886175744,整租・保利首开四季怡园 3室1厅 南/北,门头沟,冯村,保利首开四季怡园,90O,南 北,3室1厅1卫,高楼层（28层）,4200
639,BJ2735403054760468480,整租・惠康嘉园二区 1室1厅 南,门头沟,滨河西区,惠康嘉园二区,57O,南,1室1厅1卫,中楼层（24层）,3100
640,BJ2734919348471996416,整租・黑山A1区 2室1厅 南/北,门头沟,大峪,黑山A1区,66O,南 北,2室1厅1卫,中楼层（28层）,3000
641,BJ2734818338843656192,整租・霁月园 3室2厅 南/北,门头沟,滨河西区,霁月园,154O,南 北,3室2厅2卫,高楼层（16层）,6500
642,BJ2735457248414810112,整租・九龙东苑3号地 2室1厅 南,门头沟,城子,九龙东苑3号地,62O,南,2室1厅1卫,高楼层（24层）,2900
643,BJ2736036123167170560,整租・九龙东苑1号地 2室1厅 东/南,门头沟,城子,九龙东苑1号地,63O,东 南,2室1厅1卫,低楼层（24层）,3000
644,BJ2736257537547436032,整租・增产路大街42号院 2室1厅 东/北,门头沟,大峪,增产路大街42号院,79O,东 北,2室1厅1卫,高楼层（6层）,3200
645,BJ2735550981067776000,整租・九龙东苑5号地 1室0厅 东,门头沟,城子,九龙东苑5号地,43O,东,1室0厅1卫,低楼层（24层）,1850
646,BJ2736325309061136384,整租・九龙东苑1号地 1室0厅 南,门头沟,城子,九龙东苑1号地,42O,南,1室0厅1卫,低楼层（24层）,2200
647,BJ2736309880473796608,整租・石门营新区六区 1室1厅 南,门头沟,石门营,石门营新区六区,47O,南,1室1厅1卫,高楼层（6层）,2500
648,BJ2736264620578193408,整租・中门寺南坡小区 2室1厅 南/北,门头沟,大峪,中门寺南坡小区,65O,南 北,2室1厅1卫,低楼层（28层）,3500
649,BJ2736339503852822528,整租・绮霞苑 2室1厅 南/北,门头沟,滨河西区,绮霞苑,93O,南 北,2室1厅1卫,高楼层（12层）,4600
650,BJ2736349139066421248,整租・润景公馆 1室1厅 南,门头沟,冯村,润景公馆,77O,南,1室1厅1卫,低楼层（28层）,3600
651,BJ2736159831042818048,整租・熙旺中心 2房间 南,门头沟,滨河西区,熙旺中心,78O,南,2房间1卫,高楼层（25层）,4200
652,BJ2736231789529145344,整租・梧桐苑栖凤园 2室1厅 南,门头沟,门头沟其它,梧桐苑栖凤园,86O,南,2室1厅1卫,低楼层（27层）,4200
653,BJ2728907236314456064,整租・九龙东苑1号地 3室1厅 南/北,门头沟,城子,九龙东苑1号地,81O,南 北,3室1厅1卫,中楼层（24层）,3000
654,BJ2728777434517209088,整租・皓月园 1室1厅 西/北,门头沟,滨河西区,皓月园,58O,西 北,1室1厅1卫,中楼层（14层）,3300
655,BJ2730293825494335488,整租・熙旺中心 1房间 东南,门头沟,滨河西区,熙旺中心,46O,东南,1房间1卫,高楼层（26层）,2600
656,BJ2730434868604305408,整租・梧桐苑栖凤园 3室1厅 南/北,门头沟,门头沟其它,梧桐苑栖凤园,89O,南 北,3室1厅1卫,低楼层（28层）,4800
657,BJ2730321261182844928,整租・中昂时代广场 4房间 西北,门头沟,大峪,中昂时代广场,41O,西北,4房间1卫,低楼层（18层）,3200
658,BJ2729045643883716608,整租・中骏西山天Z 4室2厅 南/北,门头沟,城子,中骏西山天Z,135O,南 北,4室2厅3卫,低楼层（9层）,10600
659,BJ2730239296061063168,整租・含晖苑 3室1厅 南/北,门头沟,滨河西区,含晖苑,121O,南 北,3室1厅2卫,高楼层（6层）,4800
660,BJ2724530725599576064,整租・石门营新区四区 3室1厅 南/北,门头沟,石门营,石门营新区四区,85O,南 北,3室1厅2卫,高楼层（15层）,3800
661,BJ2733216261558779904,整租・云翔嘉苑 3室1厅 南/北,门头沟,石门营,云翔嘉苑,85O,南 北,3室1厅1卫,中楼层（27层）,3900
662,BJ2736082653945274368,整租・石门营新区五区 2室1厅 南/北,门头沟,石门营,石门营新区五区,65O,南 北,2室1厅1卫,高楼层（6层）,3300
663,BJ2740614966645637120,整租・紫金新园三区 2室1厅 南,门头沟,石门营,紫金新园三区,67O,南,2室1厅1卫,中楼层（29层）,3300
664,BJ2741360725137571840,整租・石门营新区五区 2室1厅 南/北,门头沟,石门营,石门营新区五区,65O,南 北,2室1厅1卫,高楼层（6层）,3300
665,BJ2742659245115195392,整租・惠润家园小区九地块 3室1厅 南/北,门头沟,石门营,惠润家园小区九地块,112O,南 北,3室1厅1卫,高楼层（25层）,4800
666,BJ2712323555332194304,整租・冯村信园小区 2室1厅 南/北,门头沟,冯村,冯村信园小区,80O,南 北,2室1厅1卫,高楼层（6层）,3100
667,BJ2729603704519917568,整租・丽景长安二期 3室1厅 南/北,门头沟,冯村,丽景长安二期,137O,南 北,3室1厅2卫,高楼层（27层）,6000
668,BJ2732726609575952384,整租・北京城建上悦居东区 3室1厅 南/北,门头沟,冯村,北京城建上悦居东区,90O,南 北,3室1厅1卫,高楼层（21层）,3600
669,BJ2736095249054580736,整租・冯村信园小区 3室1厅 南/北,门头沟,冯村,冯村信园小区,98O,南 北,3室1厅1卫,低楼层（6层）,4000
670,BJ2739745824312664064,整租・丽景长安 2室1厅 南,门头沟,冯村,丽景长安,89O,南,2室1厅1卫,低楼层（26层）,4500
671,BJ2726200031001985024,整租・惠润家园小区七地块 2室1厅 南/北,门头沟,石门营,惠润家园小区七地块,85O,南 北,2室1厅1卫,低楼层（18层）,3700
672,BJ2735325022159126528,整租・惠润家园小区十地块 2室1厅 南/北,门头沟,石门营,惠润家园小区十地块,84O,南 北,2室1厅1卫,高楼层（14层）,3500
673,BJ2735356869744279552,整租・云泽嘉苑 2室1厅 南,门头沟,石门营,云泽嘉苑,65O,南,2室1厅1卫,中楼层（28层）,3500
674,BJ2738947733472673792,整租・永新小区 2室1厅 南/北,门头沟,大峪,永新小区,64O,南 北,2室1厅1卫,高楼层（6层）,2800
675,BJ2741263138941829120,整租・峪园小区 1室1厅 南,门头沟,大峪,峪园小区,46O,南,1室1厅1卫,中楼层（6层）,3000
676,BJ2742206507150999552,整租・九龙东苑1号地 2室1厅 南/北,门头沟,城子,九龙东苑1号地,63O,南 北,2室1厅1卫,低楼层（24层）,3100
677,BJ2668621768922497024,整租・葡东南区 2室1厅 南,门头沟,滨河西区,葡东南区,78O,南,2室1厅1卫,高楼层（6层）,3100
678,BJ2699959921117495296,整租・九龙东苑1号地 2室1厅 东/南,门头沟,城子,九龙东苑1号地,62O,东 南,2室1厅1卫,高楼层（24层）,2600
679,BJ2739145502195974144,整租・中昂时代广场 2房间 南,门头沟,大峪,中昂时代广场,38O,南,2房间1卫,中楼层（19层）,3500
680,BJ2740564248710627328,整租・九龙东苑5号地 1室1厅 南,门头沟,城子,九龙东苑5号地,42O,南,1室1厅1卫,低楼层（24层）,2300
681,BJ2623831852279922688,整租・月季园东里 2室1厅 南/北,门头沟,滨河西区,月季园东里,58O,南 北,2室1厅1卫,高楼层（6层）,2700
682,BJ2645748923373207552,整租・绿城西山燕庐 3室2厅 南/北,门头沟,门头沟其它,绿城西山燕庐,129O,南 北,3室2厅2卫,中楼层（25层）,8500
683,BJ2733910405070979072,整租・九龙东苑1号地 2室1厅 南/北,门头沟,城子,九龙东苑1号地,62O,南 北,2室1厅1卫,低楼层（24层）,2800
684,BJ2738924027770052608,整租・惠润家园小区九地块 2室1厅 南,门头沟,石门营,惠润家园小区九地块,84O,南,2室1厅1卫,低楼层（10层）,3500
685,BJ2701305791180718080,整租・西长安壹号 3房间 东,门头沟,门头沟其它,西长安壹号,42O,东,3房间1卫,高楼层（13层）,2000
686,BJ2714481924960952320,整租・西长安壹号 3房间 东南,门头沟,门头沟其它,西长安壹号,69O,东南,3房间1卫,中楼层（17层）,4400
687,BJ2740556540058025984,整租・黑山A5区 1室0厅 南,门头沟,大峪,黑山A5区,45O,南,1室0厅1卫,高楼层（28层）,2600
688,BJ2731859181287251968,整租・西长安壹号 2室2厅 南/北,门头沟,门头沟其它,西长安壹号,105O,南 北,2室2厅1卫,中楼层（26层）,4990
689,BJ2741845072147922944,整租・中昂时代广场 3房间 南,门头沟,大峪,中昂时代广场,40O,南,3房间1卫,高楼层（19层）,3000
690,BJ2741294671258468352,整租・丽景长安 2室1厅 南/北,门头沟,冯村,丽景长安,92O,南 北,2室1厅1卫,低楼层（26层）,4500
691,BJ2742042814488780800,整租・保利首开四季怡园 3室1厅 南/北,门头沟,冯村,保利首开四季怡园,90O,南 北,3室1厅1卫,中楼层（20层）,3800
692,BJ2724530725599576064,整租・石门营新区四区 3室1厅 南/北,门头沟,石门营,石门营新区四区,85O,南 北,3室1厅2卫,高楼层（15层）,3800
693,BJ2733216261558779904,整租・云翔嘉苑 3室1厅 南/北,门头沟,石门营,云翔嘉苑,85O,南 北,3室1厅1卫,中楼层（27层）,3900
694,BJ2736082653945274368,整租・石门营新区五区 2室1厅 南/北,门头沟,石门营,石门营新区五区,65O,南 北,2室1厅1卫,高楼层（6层）,3300
695,BJ2740614966645637120,整租・紫金新园三区 2室1厅 南,门头沟,石门营,紫金新园三区,67O,南,2室1厅1卫,中楼层（29层）,3300
696,BJ2741360725137571840,整租・石门营新区五区 2室1厅 南/北,门头沟,石门营,石门营新区五区,65O,南 北,2室1厅1卫,高楼层（6层）,3300
697,BJ2742659245115195392,整租・惠润家园小区九地块 3室1厅 南/北,门头沟,石门营,惠润家园小区九地块,112O,南 北,3室1厅1卫,高楼层（25层）,4800
698,BJ2712323555332194304,整租・冯村信园小区 2室1厅 南/北,门头沟,冯村,冯村信园小区,80O,南 北,2室1厅1卫,高楼层（6层）,3100
699,BJ2729603704519917568,整租・丽景长安二期 3室1厅 南/北,门头沟,冯村,丽景长安二期,137O,南 北,3室1厅2卫,高楼层（27层）,6000
700,BJ2732726609575952384,整租・北京城建上悦居东区 3室1厅 南/北,门头沟,冯村,北京城建上悦居东区,90O,南 北,3室1厅1卫,高楼层（21层）,3600
701,BJ2736095249054580736,整租・冯村信园小区 3室1厅 南/北,门头沟,冯村,冯村信园小区,98O,南 北,3室1厅1卫,低楼层（6层）,4000
702,BJ2739745824312664064,整租・丽景长安 2室1厅 南,门头沟,冯村,丽景长安,89O,南,2室1厅1卫,低楼层（26层）,4500
703,BJ2726200031001985024,整租・惠润家园小区七地块 2室1厅 南/北,门头沟,石门营,惠润家园小区七地块,85O,南 北,2室1厅1卫,低楼层（18层）,3700
704,BJ2735325022159126528,整租・惠润家园小区十地块 2室1厅 南/北,门头沟,石门营,惠润家园小区十地块,84O,南 北,2室1厅1卫,高楼层（14层）,3500
705,BJ2735356869744279552,整租・云泽嘉苑 2室1厅 南,门头沟,石门营,云泽嘉苑,65O,南,2室1厅1卫,中楼层（28层）,3500
706,BJ2744761820903915520,整租・梧桐苑栖凤园 2室1厅 南,门头沟,门头沟其它,梧桐苑栖凤园,85O,南,2室1厅1卫,低楼层（27层）,4200
707,BJ2736885125911412736,整租・惠民家园 1室1厅 南/北,门头沟,大峪,惠民家园,54O,南 北,1室1厅1卫,高楼层（6层）,3000
708,BJ2744120400395894784,整租・石门营新区五区 2室1厅 东/西,门头沟,石门营,石门营新区五区,65O,东 西,2室1厅1卫,低楼层（18层）,3300
709,BJ2743590288613720064,整租・丽景长安二期 4室2厅 南/北,门头沟,冯村,丽景长安二期,155O,南 北,4室2厅2卫,低楼层（23层）,9500
710,BJ2741938756818321408,整租・石门营新区七区南苑 2室1厅 南,门头沟,石门营,石门营新区七区南苑,65O,南,2室1厅1卫,高楼层（11层）,3500
711,BJ2732417913415016448,整租・石龙北路27号院 2室1厅 南/北,门头沟,门头沟其它,石龙北路27号院,66O,南 北,2室1厅1卫,中楼层（6层）,2800
712,BJ2636841934169587712,整租・熙旺中心 1房间 南,门头沟,滨河西区,熙旺中心,47O,南,1房间1卫,高楼层（26层）,3000
713,BJ2734690551554654208,整租・峪园小区 3室1厅 南/北,门头沟,大峪,峪园小区,97O,南 北,3室1厅1卫,中楼层（6层）,3800
714,BJ2744751806785011712,整租・黑山A1区 1室1厅 南,门头沟,大峪,黑山A1区,45O,南,1室1厅1卫,中楼层（28层）,2600
715,BJ2735446848142843904,整租・高家园东街1号院 1室1厅 南,门头沟,大峪,高家园东街1号院,42O,南,1室1厅1卫,低楼层（8层）,2600
716,BJ2726628347260960768,整租・京西紫金新园 2室1厅 东/东北,门头沟,石门营,京西紫金新园,62O,东 东北,2室1厅1卫,中楼层（16层）,3650
717,BJ2542022907391901696,整租・西山艺境6号院 4室2厅 南/北,门头沟,大峪,西山艺境6号院,141O,南 北,4室2厅2卫,中楼层（9层）,8900
718,BJ2742033705945276416,整租・黑山A4区 2室1厅 南/北,门头沟,大峪,黑山A4区,65O,南 北,2室1厅1卫,低楼层（26层）,3200
719,BJ2742527645933125632,整租・新桥路小区 2室1厅 南/北,门头沟,大峪,新桥路小区,66O,南 北,2室1厅1卫,低楼层（6层）,3200
720,BJ2734690551554654208,整租・峪园小区 3室1厅 南/北,门头沟,大峪,峪园小区,97O,南 北,3室1厅1卫,中楼层（6层）,3800
721,BJ2744751806785011712,整租・黑山A1区 1室1厅 南,门头沟,大峪,黑山A1区,45O,南,1室1厅1卫,中楼层（28层）,2600
722,BJ2741938756818321408,整租・石门营新区七区南苑 2室1厅 南,门头沟,石门营,石门营新区七区南苑,65O,南,2室1厅1卫,高楼层（11层）,3500
723,BJ2744120400395894784,整租・石门营新区五区 2室1厅 东/西,门头沟,石门营,石门营新区五区,65O,东 西,2室1厅1卫,低楼层（18层）,3300
724,BJ2743590288613720064,整租・丽景长安二期 4室2厅 南/北,门头沟,冯村,丽景长安二期,155O,南 北,4室2厅2卫,低楼层（23层）,9500
725,BJ2738976954064838656,整租・冯村嘉园一区 2室1厅 南/北,门头沟,冯村,冯村嘉园一区,120O,南 北,2室1厅1卫,低楼层（11层）,4000
726,BJ2636841934169587712,整租・熙旺中心 1房间 南,门头沟,滨河西区,熙旺中心,47O,南,1房间1卫,高楼层（26层）,3000
